flight_id,airline,source,destination,departure_time,arrival_time,duration,calculated_duration_hours,duration_timedelta,duration_hours,duration_difference
SJ010,Spicejet,CCU,MAA,2026-04-20 23:38:41.701,2026-04-21 02:32:41.701,02:54:00,2.9,0 days 02:54:00,2.9,0.0
AI155,Air India,BOM,CCU,2026-04-20 23:35:41.703,2026-04-21 01:23:41.703,01:48:00,1.8,0 days 01:48:00,1.8,0.0
UK094,Vistara,BOM,CCU,2026-04-20 23:26:41.702,2026-04-21 01:11:41.702,01:45:00,1.75,0 days 01:45:00,1.75,0.0
AI245,Air India,BOM,CCU,2026-04-20 23:07:41.704,2026-04-21 01:43:41.704,02:36:00,2.6,0 days 02:36:00,2.6,0.0
AI192,Air India,MAA,BOM,2026-04-20 23:05:41.703,2026-04-21 04:04:41.703,04:59:00,4.98,0 days 04:59:00,4.983333333333333,0.0033333333333329662
SJ158,Spicejet,DEL,HYD,2026-04-20 23:05:41.703,2026-04-21 01:24:41.703,02:19:00,2.32,0 days 02:19:00,2.316666666666667,-0.0033333333333329662
6F196,Indigo,CCU,MAA,2026-04-20 23:04:41.703,2026-04-21 00:47:41.703,01:43:00,1.72,0 days 01:43:00,1.7166666666666666,-0.0033333333333334103
AI080,Air India,BOM,HYD,2026-04-20 23:03:41.702,2026-04-21 00:35:41.702,01:32:00,1.53,0 days 01:32:00,1.5333333333333334,0.0033333333333334103
6F025,Indigo,BLR,BOM,2026-04-20 23:02:41.701,2026-04-20 23:57:41.701,00:55:00,0.92,0 days 00:55:00,0.9166666666666666,-0.0033333333333334103
6F251,Unknown,DEL,BLR,2026-04-20 22:56:41.703,2026-04-20 23:37:41.703,00:41:00,0.68,0 days 00:41:00,0.6833333333333333,0.0033333333333332993
AI137,Air India,BOM,DEL,2026-04-20 22:49:41.702,2026-04-21 01:17:41.702,02:28:00,2.47,0 days 02:28:00,2.466666666666667,-0.0033333333333334103
6F026,Indigo,BOM,CCU,2026-04-20 22:46:42.000,2026-04-21 03:13:42.000,04:27:00,4.45,0 days 04:27:00,4.45,0.0
UK167,Vistara,DEL,MAA,2026-04-20 22:45:41.703,2026-04-21 01:46:41.703,03:01:00,3.02,0 days 03:01:00,3.0166666666666666,-0.0033333333333334103
UK027,Vistara,BOM,CCU,2026-04-20 22:44:41.701,2026-04-21 01:05:41.701,02:21:00,2.35,0 days 02:21:00,2.35,0.0
AI069,Unknown,DEL,BOM,2026-04-20 22:43:41.702,2026-04-21 02:29:41.702,03:46:00,3.77,0 days 03:46:00,3.7666666666666666,-0.0033333333333334103
AI058,Air India,BOM,CCU,2026-04-20 22:40:41.701,2026-04-21 00:18:41.701,01:38:00,1.63,0 days 01:38:00,1.6333333333333333,0.0033333333333334103
AI140,Air India,BOM,DEL,2026-04-20 22:25:41.702,2026-04-21 02:08:41.702,03:43:00,3.72,0 days 03:43:00,3.716666666666667,-0.0033333333333334103
SJ239,Spicejet,BOM,CCU,2026-04-20 22:24:41.704,2026-04-21 00:10:41.704,01:46:00,1.77,0 days 01:46:00,1.7666666666666666,-0.0033333333333334103
6F099,Indigo,MAA,DEL,2026-04-20 22:24:41.702,2026-04-20 22:59:41.702,00:35:00,0.58,0 days 00:35:00,0.5833333333333334,0.0033333333333334103
AI048,Air India,CCU,DEL,2026-04-20 22:23:41.701,2026-04-21 02:15:41.701,03:52:00,3.87,0 days 03:52:00,3.8666666666666667,-0.0033333333333334103
SJ112,Spicejet,HYD,DEL,2026-04-20 22:20:41.702,2026-04-21 00:40:41.702,02:20:00,2.33,0 days 02:20:00,2.3333333333333335,0.0033333333333334103
6F164,Indigo,BLR,BOM,2026-04-20 22:18:41.703,2026-04-21 00:45:41.703,02:27:00,2.45,0 days 02:27:00,2.45,0.0
UK021,Vistara,HYD,MAA,2026-04-20 22:00:41.701,2026-04-20 23:50:41.701,01:50:00,1.83,0 days 01:50:00,1.8333333333333333,0.0033333333333331883
SJ172,Spicejet,CCU,DEL,2026-04-20 21:58:41.703,2026-04-21 01:14:41.703,03:16:00,3.27,0 days 03:16:00,3.2666666666666666,-0.0033333333333334103
AI060,Air India,DEL,HYD,2026-04-20 21:58:41.701,2026-04-20 23:51:41.701,01:53:00,1.88,0 days 01:53:00,1.8833333333333333,0.0033333333333334103
SJ205,Spicejet,HYD,CCU,2026-04-20 21:56:41.703,2026-04-20 23:00:41.703,01:04:00,1.07,0 days 01:04:00,1.0666666666666667,-0.0033333333333334103
SJ093,Spicejet,BLR,BOM,2026-04-20 21:55:41.702,2026-04-20 23:01:41.702,01:06:00,1.1,0 days 01:06:00,1.1,0.0
6F195,Indigo,CCU,DEL,2026-04-20 21:44:41.703,2026-04-20 22:39:41.703,00:55:00,0.92,0 days 00:55:00,0.9166666666666666,-0.0033333333333334103
UK003,Unknown,HYD,DEL,2026-04-20 21:41:41.700,2026-04-21 02:19:41.700,04:38:00,4.63,0 days 04:38:00,4.633333333333334,0.0033333333333338544
UK026,Vistara,HYD,MAA,2026-04-20 21:38:41.701,2026-04-20 23:44:41.701,02:06:00,2.1,0 days 02:06:00,2.1,0.0
6F174,Indigo,DEL,HYD,2026-04-20 21:36:41.703,2026-04-20 22:16:41.703,00:40:00,0.67,0 days 00:40:00,0.6666666666666666,-0.0033333333333334103
UK067,Vistara,BOM,CCU,2026-04-20 21:36:41.701,2026-04-21 01:02:41.701,03:26:00,3.43,0 days 03:26:00,3.433333333333333,0.0033333333333329662
SJ149,Spicejet,HYD,MAA,2026-04-20 21:20:41.702,2026-04-20 23:20:42.000,02:00:00.298000,2.0,0 days 02:00:00.298000,2.0000827777777777,8.277777777765394e-05
6F213,Indigo,BLR,BOM,2026-04-20 21:05:41.703,2026-04-21 00:32:41.703,03:27:00,3.45,0 days 03:27:00,3.45,0.0
UK200,Vistara,CCU,DEL,2026-04-20 20:54:41.703,2026-04-20 22:45:41.703,01:51:00,1.85,0 days 01:51:00,1.85,0.0
SJ214,Spicejet,BOM,MAA,2026-04-20 20:54:41.703,2026-04-20 22:10:41.703,01:16:00,1.27,0 days 01:16:00,1.2666666666666666,-0.0033333333333334103
SJ047,Spicejet,HYD,BOM,2026-04-20 20:44:41.701,2026-04-20 21:21:41.701,00:37:00,0.62,0 days 00:37:00,0.6166666666666667,-0.0033333333333332993
AI179,Air India,HYD,BOM,2026-04-20 20:41:41.703,2026-04-21 01:19:41.703,04:38:00,4.63,0 days 04:38:00,4.633333333333334,0.0033333333333338544
SJ153,Spicejet,DEL,CCU,2026-04-20 20:37:41.702,2026-04-20 22:00:41.702,01:23:00,1.38,0 days 01:23:00,1.3833333333333333,0.0033333333333334103
6F236,Indigo,BOM,DEL,2026-04-20 20:35:41.704,2026-04-20 23:54:41.704,03:19:00,3.32,0 days 03:19:00,3.316666666666667,-0.0033333333333329662
UK059,Vistara,HYD,MAA,2026-04-20 20:33:41.701,2026-04-20 22:10:41.701,01:37:00,1.62,0 days 01:37:00,1.6166666666666667,-0.0033333333333334103
SJ001,Spicejet,BOM,MAA,2026-04-20 20:28:41.700,2026-04-21 01:15:41.700,04:47:00,4.78,0 days 04:47:00,4.783333333333333,0.0033333333333329662
SJ049,Spicejet,CCU,DEL,2026-04-20 20:26:41.701,2026-04-21 00:26:41.701,04:00:00,4.0,0 days 04:00:00,4.0,0.0
6F086,Indigo,MAA,HYD,2026-04-20 20:23:41.702,2026-04-20 21:00:41.702,00:37:00,0.62,0 days 00:37:00,0.6166666666666667,-0.0033333333333332993
AI220,Air India,BOM,DEL,2026-04-20 20:19:41.703,2026-04-20 21:57:41.703,01:38:00,1.63,0 days 01:38:00,1.6333333333333333,0.0033333333333334103
AI188,Air India,CCU,HYD,2026-04-20 20:16:41.703,2026-04-20 23:02:41.703,02:46:00,2.77,0 days 02:46:00,2.7666666666666666,-0.0033333333333334103
6F114,Indigo,BOM,MAA,2026-04-20 20:10:41.702,2026-04-20 21:00:41.702,00:50:00,0.83,0 days 00:50:00,0.8333333333333334,0.0033333333333334103
SJ179,Spicejet,DEL,HYD,2026-04-20 20:09:41.703,2026-04-20 23:39:41.703,03:30:00,3.5,0 days 03:30:00,3.5,0.0
6F190,Indigo,DEL,MAA,2026-04-20 20:02:41.703,2026-04-21 00:36:41.703,04:34:00,4.57,0 days 04:34:00,4.566666666666666,-0.0033333333333338544
SJ003,Spicejet,MAA,CCU,2026-04-20 19:50:41.701,2026-04-20 20:32:41.701,00:42:00,0.7,0 days 00:42:00,0.7,0.0
6F028,Indigo,HYD,CCU,2026-04-20 19:49:41.701,2026-04-20 21:49:41.701,02:00:00,2.0,0 days 02:00:00,2.0,0.0
UK036,Vistara,CCU,BLR,2026-04-20 19:48:41.701,2026-04-21 00:12:41.701,04:24:00,4.4,0 days 04:24:00,4.4,0.0
SJ160,Spicejet,MAA,BLR,2026-04-20 19:45:41.703,2026-04-20 20:30:41.703,00:45:00,0.75,0 days 00:45:00,0.75,0.0
6F151,Indigo,CCU,HYD,2026-04-20 19:44:41.703,2026-04-20 22:04:41.703,02:20:00,2.33,0 days 02:20:00,2.3333333333333335,0.0033333333333334103
UK140,Vistara,MAA,BLR,2026-04-20 19:37:41.703,2026-04-20 21:00:41.703,01:23:00,1.38,0 days 01:23:00,1.3833333333333333,0.0033333333333334103
AI115,Air India,MAA,BLR,2026-04-20 19:37:41.702,2026-04-21 00:26:41.702,04:49:00,4.82,0 days 04:49:00,4.816666666666666,-0.0033333333333338544
AI132,Air India,BLR,BOM,2026-04-20 19:32:41.702,2026-04-20 21:41:41.702,02:09:00,2.15,0 days 02:09:00,2.15,0.0
UK209,UNKNOWN,MAA,BLR,2026-04-20 19:02:41.704,2026-04-20 21:47:41.704,02:45:00,2.75,0 days 02:45:00,2.75,0.0
SJ043,Unknown,MAA,DEL,2026-04-20 18:59:41.701,2026-04-20 21:08:41.701,02:09:00,2.15,0 days 02:09:00,2.15,0.0
UK176,Vistara,HYD,BLR,2026-04-20 18:41:41.703,2026-04-20 22:49:41.703,04:08:00,4.13,0 days 04:08:00,4.133333333333334,0.0033333333333338544
UK216,Vistara,MAA,HYD,2026-04-20 18:33:41.704,2026-04-20 21:47:41.704,03:14:00,3.23,0 days 03:14:00,3.2333333333333334,0.0033333333333334103
UK150,Vistara,DEL,CCU,2026-04-20 18:31:41.703,2026-04-20 19:01:41.703,00:30:00,0.5,0 days 00:30:00,0.5,0.0
UK145,Vistara,BOM,HYD,2026-04-20 18:30:41.703,2026-04-20 20:41:41.703,02:11:00,2.18,0 days 02:11:00,2.183333333333333,0.0033333333333329662
6F270,UNKNOWN,HYD,MAA,2026-04-20 18:14:41.701,2026-04-20 19:02:41.701,00:48:00,0.8,0 days 00:48:00,0.8,0.0
6F012,Indigo,CCU,HYD,2026-04-20 18:06:41.701,2026-04-20 21:31:41.701,03:25:00,3.42,0 days 03:25:00,3.4166666666666665,-0.0033333333333334103
SJ236,Spicejet,MAA,BOM,2026-04-20 18:03:41.704,2026-04-20 22:02:41.704,03:59:00,3.98,0 days 03:59:00,3.9833333333333334,0.0033333333333334103
6F149,Indigo,BLR,CCU,2026-04-20 17:57:41.703,2026-04-20 20:42:41.703,02:45:00,2.75,0 days 02:45:00,2.75,0.0
UK004,Vistara,BOM,CCU,2026-04-20 17:56:41.700,2026-04-20 18:30:41.700,00:34:00,0.57,0 days 00:34:00,0.5666666666666667,-0.0033333333333332993
UK010,Vistara,MAA,HYD,2026-04-20 17:53:41.701,2026-04-20 20:40:41.701,02:47:00,2.78,0 days 02:47:00,2.783333333333333,0.0033333333333334103
UK215,Vistara,BOM,DEL,2026-04-20 17:38:41.704,2026-04-20 19:50:41.704,02:12:00,2.2,0 days 02:12:00,2.2,0.0
SJ116,Spicejet,HYD,CCU,2026-04-20 17:33:41.702,2026-04-20 19:02:41.702,01:29:00,1.48,0 days 01:29:00,1.4833333333333334,0.0033333333333334103
SJ023,Spicejet,HYD,MAA,2026-04-20 17:27:41.701,2026-04-20 19:09:41.701,01:42:00,1.7,0 days 01:42:00,1.7,0.0
UK152,Vistara,BOM,CCU,2026-04-20 17:24:41.703,2026-04-20 20:13:41.703,02:49:00,2.82,0 days 02:49:00,2.816666666666667,-0.0033333333333329662
SJ202,Spicejet,CCU,HYD,2026-04-20 17:21:41.703,2026-04-20 19:08:41.703,01:47:00,1.78,0 days 01:47:00,1.7833333333333334,0.0033333333333334103
6F043,Indigo,BOM,HYD,2026-04-20 17:17:41.701,2026-04-20 18:43:41.701,01:26:00,1.43,0 days 01:26:00,1.4333333333333333,0.0033333333333334103
UK173,Vistara,MAA,BLR,2026-04-20 17:06:41.703,2026-04-20 21:22:41.703,04:16:00,4.27,0 days 04:16:00,4.266666666666667,-0.0033333333333329662
SJ081,Spicejet,BOM,BLR,2026-04-20 17:04:41.702,2026-04-20 18:53:41.702,01:49:00,1.82,0 days 01:49:00,1.8166666666666667,-0.0033333333333334103
UK153,Vistara,CCU,HYD,2026-04-20 16:52:41.703,2026-04-20 20:53:41.703,04:01:00,4.02,0 days 04:01:00,4.016666666666667,-0.0033333333333329662
UK187,Vistara,BLR,BOM,2026-04-20 16:52:41.703,2026-04-20 18:42:41.703,01:50:00,1.83,0 days 01:50:00,1.8333333333333333,0.0033333333333331883
UK055,Vistara,HYD,DEL,2026-04-20 16:48:41.701,2026-04-20 19:31:41.701,02:43:00,2.72,0 days 02:43:00,2.716666666666667,-0.0033333333333334103
UK181,Vistara,MAA,DEL,2026-04-20 16:44:41.703,2026-04-20 19:26:41.703,02:42:00,2.7,0 days 02:42:00,2.7,0.0
UK074,Vistara,BOM,DEL,2026-04-20 16:44:41.702,2026-04-20 18:41:41.702,01:57:00,1.95,0 days 01:57:00,1.95,0.0
SJ068,Spicejet,BLR,BOM,2026-04-20 16:44:41.701,2026-04-20 18:48:41.701,02:04:00,2.07,0 days 02:04:00,2.066666666666667,-0.0033333333333329662
AI242,Unknown,BLR,CCU,2026-04-20 16:41:41.704,2026-04-20 17:43:41.704,01:02:00,1.03,0 days 01:02:00,1.0333333333333334,0.0033333333333334103
SJ237,Spicejet,BOM,CCU,2026-04-20 16:32:41.704,2026-04-20 19:00:41.704,02:28:00,2.47,0 days 02:28:00,2.466666666666667,-0.0033333333333334103
6F194,Indigo,BOM,CCU,2026-04-20 16:29:41.703,2026-04-20 18:27:41.703,01:58:00,1.97,0 days 01:58:00,1.9666666666666666,-0.0033333333333334103
UK063,Vistara,DEL,BOM,2026-04-20 16:29:41.701,2026-04-20 17:41:41.701,01:12:00,1.2,0 days 01:12:00,1.2,0.0
UK068,Vistara,BLR,MAA,2026-04-20 16:28:41.701,2026-04-20 18:09:41.701,01:41:00,1.68,0 days 01:41:00,1.6833333333333333,0.0033333333333334103
UK224,UNKNOWN,CCU,MAA,2026-04-20 16:25:41.704,2026-04-20 20:24:41.704,03:59:00,3.98,0 days 03:59:00,3.9833333333333334,0.0033333333333334103
UK077,Unknown,HYD,BOM,2026-04-20 16:22:41.702,2026-04-20 18:00:41.702,01:38:00,1.63,0 days 01:38:00,1.6333333333333333,0.0033333333333334103
UK207,Vistara,MAA,CCU,2026-04-20 16:21:41.703,2026-04-20 17:36:41.703,01:15:00,1.25,0 days 01:15:00,1.25,0.0
AI221,Air India,MAA,HYD,2026-04-20 16:18:41.703,2026-04-20 18:54:41.703,02:36:00,2.6,0 days 02:36:00,2.6,0.0
UK109,Vistara,BLR,BOM,2026-04-20 16:06:41.702,2026-04-20 17:06:42.000,01:00:00.298000,1.0,0 days 01:00:00.298000,1.0000827777777777,8.277777777765394e-05
UK089,Vistara,BOM,HYD,2026-04-20 15:38:41.702,2026-04-20 19:50:41.702,04:12:00,4.2,0 days 04:12:00,4.2,0.0
AI072,Air India,BLR,CCU,2026-04-20 15:34:41.702,2026-04-20 16:32:41.702,00:58:00,0.97,0 days 00:58:00,0.9666666666666667,-0.0033333333333332993
UK131,Vistara,BOM,DEL,2026-04-20 15:33:41.702,2026-04-20 19:39:41.702,04:06:00,4.1,0 days 04:06:00,4.1,0.0
SJ150,Spicejet,BOM,HYD,2026-04-20 15:33:41.702,2026-04-20 19:03:41.702,03:30:00,3.5,0 days 03:30:00,3.5,0.0
6F097,Indigo,BLR,BOM,2026-04-20 15:32:41.702,2026-04-20 16:49:41.702,01:17:00,1.28,0 days 01:17:00,1.2833333333333334,0.0033333333333334103
6F123,Indigo,DEL,HYD,2026-04-20 15:26:41.702,2026-04-20 17:12:41.702,01:46:00,1.77,0 days 01:46:00,1.7666666666666666,-0.0033333333333334103
6F017,Indigo,CCU,BOM,2026-04-20 15:25:41.701,2026-04-20 18:06:41.701,02:41:00,2.68,0 days 02:41:00,2.683333333333333,0.0033333333333329662
6F245,Indigo,CCU,BOM,2026-04-20 15:25:41.701,2026-04-20 18:06:41.701,02:41:00,2.68,0 days 02:41:00,2.683333333333333,0.0033333333333329662
6F180,Indigo,MAA,BLR,2026-04-20 15:24:41.703,2026-04-20 19:48:41.703,04:24:00,4.4,0 days 04:24:00,4.4,0.0
6F152,Indigo,CCU,DEL,2026-04-20 15:21:41.703,2026-04-20 17:25:41.703,02:04:00,2.07,0 days 02:04:00,2.066666666666667,-0.0033333333333329662
SJ034,Spicejet,MAA,BOM,2026-04-20 15:20:41.701,2026-04-20 20:11:41.701,04:51:00,4.85,0 days 04:51:00,4.85,0.0
SJ142,Spicejet,CCU,BOM,2026-04-20 15:14:41.702,2026-04-20 16:56:41.702,01:42:00,1.7,0 days 01:42:00,1.7,0.0
UK189,Vistara,BLR,MAA,2026-04-20 15:07:41.703,2026-04-20 18:51:41.703,03:44:00,3.73,0 days 03:44:00,3.7333333333333334,0.0033333333333334103
SJ044,Spicejet,DEL,CCU,2026-04-20 15:06:41.701,2026-04-20 17:43:41.701,02:37:00,2.62,0 days 02:37:00,2.6166666666666667,-0.0033333333333334103
SJ196,Spicejet,DEL,HYD,2026-04-20 14:58:41.703,2026-04-20 17:44:41.703,02:46:00,2.77,0 days 02:46:00,2.7666666666666666,-0.0033333333333334103
6F188,Indigo,DEL,HYD,2026-04-20 14:57:41.703,2026-04-20 19:39:41.703,04:42:00,4.7,0 days 04:42:00,4.7,0.0
6F181,Indigo,BOM,MAA,2026-04-20 14:55:41.703,2026-04-20 16:43:41.703,01:48:00,1.8,0 days 01:48:00,1.8,0.0
6F077,Indigo,CCU,DEL,2026-04-20 14:55:41.702,2026-04-20 19:13:41.702,04:18:00,4.3,0 days 04:18:00,4.3,0.0
SJ154,Spicejet,BLR,HYD,2026-04-20 14:47:41.702,2026-04-20 16:26:41.702,01:39:00,1.65,0 days 01:39:00,1.65,0.0
AI025,Air India,HYD,DEL,2026-04-20 14:46:41.701,2026-04-20 17:11:41.701,02:25:00,2.42,0 days 02:25:00,2.4166666666666665,-0.0033333333333334103
AI094,Air India,DEL,BLR,2026-04-20 14:44:41.702,2026-04-20 15:44:42.000,01:00:00.298000,1.0,0 days 01:00:00.298000,1.0000827777777777,8.277777777765394e-05
6F191,Indigo,BLR,DEL,2026-04-20 14:41:41.703,2026-04-20 15:11:41.703,00:30:00,0.5,0 days 00:30:00,0.5,0.0
SJ085,Spicejet,BLR,MAA,2026-04-20 14:41:41.702,2026-04-20 19:11:41.702,04:30:00,4.5,0 days 04:30:00,4.5,0.0
6F261,UNKNOWN,CCU,DEL,2026-04-20 14:31:41.703,2026-04-20 17:29:41.703,02:58:00,2.97,0 days 02:58:00,2.966666666666667,-0.0033333333333334103
6F129,Indigo,DEL,CCU,2026-04-20 14:28:41.702,2026-04-20 16:47:41.702,02:19:00,2.32,0 days 02:19:00,2.316666666666667,-0.0033333333333329662
6F254,UNKNOWN,MAA,BLR,2026-04-20 14:26:41.703,2026-04-20 18:01:41.703,03:35:00,3.58,0 days 03:35:00,3.5833333333333335,0.0033333333333334103
SJ185,Spicejet,BOM,CCU,2026-04-20 14:21:41.703,2026-04-20 15:21:41.703,01:00:00,1.0,0 days 01:00:00,1.0,0.0
6F030,Indigo,BOM,DEL,2026-04-20 14:20:41.701,2026-04-20 17:10:41.701,02:50:00,2.83,0 days 02:50:00,2.8333333333333335,0.0033333333333334103
SJ222,Spicejet,BOM,DEL,2026-04-20 14:15:41.703,2026-04-20 17:09:41.703,02:54:00,2.9,0 days 02:54:00,2.9,0.0
6F259,UNKNOWN,BOM,DEL,2026-04-20 14:10:41.703,2026-04-20 15:21:41.703,01:11:00,1.18,0 days 01:11:00,1.1833333333333333,0.0033333333333334103
UK083,Vistara,DEL,HYD,2026-04-20 14:10:41.702,2026-04-20 14:59:41.702,00:49:00,0.82,0 days 00:49:00,0.8166666666666667,-0.0033333333333332993
6F051,Indigo,BLR,BOM,2026-04-20 13:58:41.701,2026-04-20 15:58:41.701,02:00:00,2.0,0 days 02:00:00,2.0,0.0
SJ088,Spicejet,CCU,MAA,2026-04-20 13:54:41.702,2026-04-20 14:26:41.702,00:32:00,0.53,0 days 00:32:00,0.5333333333333333,0.0033333333333332993
6F146,Indigo,HYD,MAA,2026-04-20 13:51:41.703,2026-04-20 15:07:41.703,01:16:00,1.27,0 days 01:16:00,1.2666666666666666,-0.0033333333333334103
6F047,Indigo,MAA,DEL,2026-04-20 13:50:41.701,2026-04-20 15:55:41.701,02:05:00,2.08,0 days 02:05:00,2.0833333333333335,0.0033333333333334103
AI077,Air India,CCU,HYD,2026-04-20 13:45:41.702,2026-04-20 14:51:41.702,01:06:00,1.1,0 days 01:06:00,1.1,0.0
UK134,Vistara,HYD,CCU,2026-04-20 13:44:41.702,2026-04-20 17:26:41.702,03:42:00,3.7,0 days 03:42:00,3.7,0.0
AI056,Air India,DEL,MAA,2026-04-20 13:44:41.701,2026-04-20 17:39:41.701,03:55:00,3.92,0 days 03:55:00,3.9166666666666665,-0.0033333333333334103
UK141,UNKNOWN,HYD,MAA,2026-04-20 13:38:41.703,2026-04-20 15:59:41.703,02:21:00,2.35,0 days 02:21:00,2.35,0.0
AI030,Air India,CCU,HYD,2026-04-20 13:33:41.701,2026-04-20 16:52:41.701,03:19:00,3.32,0 days 03:19:00,3.316666666666667,-0.0033333333333329662
AI029,Air India,MAA,DEL,2026-04-20 13:29:41.701,2026-04-20 17:53:41.701,04:24:00,4.4,0 days 04:24:00,4.4,0.0
SJ167,Spicejet,MAA,CCU,2026-04-20 13:18:41.703,2026-04-20 14:12:41.703,00:54:00,0.9,0 days 00:54:00,0.9,0.0
UK017,Vistara,BLR,HYD,2026-04-20 13:14:41.701,2026-04-20 14:49:41.701,01:35:00,1.58,0 days 01:35:00,1.5833333333333333,0.0033333333333331883
6F229,Indigo,MAA,DEL,2026-04-20 13:10:41.704,2026-04-20 14:30:41.704,01:20:00,1.33,0 days 01:20:00,1.3333333333333333,0.0033333333333331883
SJ117,Spicejet,MAA,BLR,2026-04-20 13:10:41.702,2026-04-20 17:06:41.702,03:56:00,3.93,0 days 03:56:00,3.933333333333333,0.0033333333333329662
6F184,Indigo,MAA,BOM,2026-04-20 13:05:41.703,2026-04-20 16:04:41.703,02:59:00,2.98,0 days 02:59:00,2.9833333333333334,0.0033333333333334103
AI031,Air India,DEL,MAA,2026-04-20 13:05:41.701,2026-04-20 16:11:41.701,03:06:00,3.1,0 days 03:06:00,3.1,0.0
AI178,Air India,CCU,BLR,2026-04-20 13:04:41.703,2026-04-20 14:03:41.703,00:59:00,0.98,0 days 00:59:00,0.9833333333333333,0.0033333333333332993
SJ089,Spicejet,HYD,CCU,2026-04-20 12:42:41.702,2026-04-20 17:15:41.702,04:33:00,4.55,0 days 04:33:00,4.55,0.0
UK166,Vistara,HYD,MAA,2026-04-20 12:39:41.703,2026-04-20 17:32:41.703,04:53:00,4.88,0 days 04:53:00,4.883333333333334,0.0033333333333338544
UK104,Vistara,DEL,BOM,2026-04-20 12:30:41.702,2026-04-20 13:52:41.702,01:22:00,1.37,0 days 01:22:00,1.3666666666666667,-0.0033333333333334103
6F168,Indigo,HYD,DEL,2026-04-20 12:18:41.703,2026-04-20 15:58:41.703,03:40:00,3.67,0 days 03:40:00,3.6666666666666665,-0.0033333333333334103
AI222,Unknown,BOM,DEL,2026-04-20 12:10:41.703,2026-04-20 13:14:41.703,01:04:00,1.07,0 days 01:04:00,1.0666666666666667,-0.0033333333333334103
SJ025,Spicejet,BOM,CCU,2026-04-20 12:02:41.701,2026-04-20 15:29:41.701,03:27:00,3.45,0 days 03:27:00,3.45,0.0
6F255,UNKNOWN,DEL,BOM,2026-04-20 11:59:41.703,2026-04-20 15:33:41.703,03:34:00,3.57,0 days 03:34:00,3.566666666666667,-0.0033333333333329662
UK228,Vistara,DEL,MAA,2026-04-20 11:58:41.704,2026-04-20 15:08:41.704,03:10:00,3.17,0 days 03:10:00,3.1666666666666665,-0.0033333333333334103
6F158,Indigo,CCU,MAA,2026-04-20 11:58:41.703,2026-04-20 16:04:41.703,04:06:00,4.1,0 days 04:06:00,4.1,0.0
SJ218,Spicejet,DEL,HYD,2026-04-20 11:58:41.703,2026-04-20 15:03:41.703,03:05:00,3.08,0 days 03:05:00,3.0833333333333335,0.0033333333333334103
6F034,Indigo,BOM,DEL,2026-04-20 11:53:41.701,2026-04-20 12:49:41.701,00:56:00,0.93,0 days 00:56:00,0.9333333333333333,0.0033333333333332993
UK156,Vistara,MAA,BLR,2026-04-20 11:50:41.703,2026-04-20 15:54:41.703,04:04:00,4.07,0 days 04:04:00,4.066666666666666,-0.0033333333333338544
6F105,Indigo,BLR,BOM,2026-04-20 11:46:41.702,2026-04-20 12:58:41.702,01:12:00,1.2,0 days 01:12:00,1.2,0.0
6F073,Indigo,DEL,CCU,2026-04-20 11:38:41.702,2026-04-20 15:18:41.702,03:40:00,3.67,0 days 03:40:00,3.6666666666666665,-0.0033333333333334103
SJ074,Spicejet,DEL,CCU,2026-04-20 11:21:41.701,2026-04-20 12:02:41.701,00:41:00,0.68,0 days 00:41:00,0.6833333333333333,0.0033333333333332993
6F234,Indigo,BOM,DEL,2026-04-20 11:20:41.704,2026-04-20 14:11:41.704,02:51:00,2.85,0 days 02:51:00,2.85,0.0
6F068,Indigo,BLR,HYD,2026-04-20 11:17:41.701,2026-04-20 15:06:41.701,03:49:00,3.82,0 days 03:49:00,3.816666666666667,-0.0033333333333329662
6F074,Indigo,HYD,BOM,2026-04-20 11:09:41.702,2026-04-20 14:29:41.702,03:20:00,3.33,0 days 03:20:00,3.3333333333333335,0.0033333333333334103
AI038,Air India,HYD,MAA,2026-04-20 11:05:41.701,2026-04-20 15:44:41.701,04:39:00,4.65,0 days 04:39:00,4.65,0.0
AI079,Air India,CCU,BLR,2026-04-20 11:04:41.702,2026-04-20 13:19:41.702,02:15:00,2.25,0 days 02:15:00,2.25,0.0
SJ018,Spicejet,BOM,CCU,2026-04-20 10:58:41.701,2026-04-20 13:31:41.701,02:33:00,2.55,0 days 02:33:00,2.55,0.0
6F018,Indigo,DEL,BLR,2026-04-20 10:57:41.701,2026-04-20 11:43:41.701,00:46:00,0.77,0 days 00:46:00,0.7666666666666667,-0.0033333333333332993
AI091,Air India,CCU,MAA,2026-04-20 10:52:41.702,2026-04-20 15:15:41.702,04:23:00,4.38,0 days 04:23:00,4.383333333333334,0.0033333333333338544
UK071,Vistara,DEL,HYD,2026-04-20 10:50:41.701,2026-04-20 14:06:41.701,03:16:00,3.27,0 days 03:16:00,3.2666666666666666,-0.0033333333333334103
AI019,Air India,BOM,CCU,2026-04-20 10:49:41.701,2026-04-20 11:51:41.701,01:02:00,1.03,0 days 01:02:00,1.0333333333333334,0.0033333333333334103
UK212,Vistara,HYD,MAA,2026-04-20 10:46:41.704,2026-04-20 11:31:41.704,00:45:00,0.75,0 days 00:45:00,0.75,0.0
AI146,Air India,BLR,DEL,2026-04-20 10:40:41.702,2026-04-20 13:46:41.702,03:06:00,3.1,0 days 03:06:00,3.1,0.0
6F232,Indigo,MAA,BLR,2026-04-20 10:39:41.704,2026-04-20 12:22:41.704,01:43:00,1.72,0 days 01:43:00,1.7166666666666666,-0.0033333333333334103
6F084,Indigo,CCU,HYD,2026-04-20 10:34:41.702,2026-04-20 11:34:42.000,01:00:00.298000,1.0,0 days 01:00:00.298000,1.0000827777777777,8.277777777765394e-05
AI129,Air India,BOM,CCU,2026-04-20 10:29:41.702,2026-04-20 13:38:41.702,03:09:00,3.15,0 days 03:09:00,3.15,0.0
AI240,Air India,MAA,DEL,2026-04-20 10:19:41.704,2026-04-20 12:46:41.704,02:27:00,2.45,0 days 02:27:00,2.45,0.0
6F091,Indigo,BLR,CCU,2026-04-20 10:10:41.702,2026-04-20 11:36:41.702,01:26:00,1.43,0 days 01:26:00,1.4333333333333333,0.0033333333333334103
UK133,Vistara,BOM,DEL,2026-04-20 10:04:41.702,2026-04-20 13:16:41.702,03:12:00,3.2,0 days 03:12:00,3.2,0.0
SJ007,Spicejet,BOM,CCU,2026-04-20 10:03:41.701,2026-04-20 14:53:41.701,04:50:00,4.83,0 days 04:50:00,4.833333333333333,0.0033333333333329662
SJ141,Spicejet,CCU,DEL,2026-04-20 10:00:41.702,2026-04-20 13:37:41.702,03:37:00,3.62,0 days 03:37:00,3.6166666666666667,-0.0033333333333334103
6F049,Indigo,HYD,DEL,2026-04-20 10:00:41.701,2026-04-20 13:13:41.701,03:13:00,3.22,0 days 03:13:00,3.216666666666667,-0.0033333333333334103
SJ235,Spicejet,BOM,DEL,2026-04-20 09:57:41.704,2026-04-20 13:45:41.704,03:48:00,3.8,0 days 03:48:00,3.8,0.0
UK087,Vistara,HYD,MAA,2026-04-20 09:49:41.702,2026-04-20 13:17:41.702,03:28:00,3.47,0 days 03:28:00,3.466666666666667,-0.0033333333333334103
UK170,Vistara,BOM,BLR,2026-04-20 09:42:41.703,2026-04-20 11:32:41.703,01:50:00,1.83,0 days 01:50:00,1.8333333333333333,0.0033333333333331883
SJ078,Spicejet,DEL,HYD,2026-04-20 09:41:41.701,2026-04-20 12:49:41.701,03:08:00,3.13,0 days 03:08:00,3.1333333333333333,0.0033333333333334103
SJ075,Spicejet,MAA,BLR,2026-04-20 09:26:41.701,2026-04-20 11:03:41.701,01:37:00,1.62,0 days 01:37:00,1.6166666666666667,-0.0033333333333334103
AI159,Air India,HYD,BLR,2026-04-20 09:23:41.703,2026-04-20 11:36:41.703,02:13:00,2.22,0 days 02:13:00,2.216666666666667,-0.0033333333333334103
UK120,Vistara,HYD,DEL,2026-04-20 09:19:41.702,2026-04-20 13:30:41.702,04:11:00,4.18,0 days 04:11:00,4.183333333333334,0.0033333333333338544
AI059,Air India,CCU,DEL,2026-04-20 09:16:41.701,2026-04-20 11:43:41.701,02:27:00,2.45,0 days 02:27:00,2.45,0.0
UK040,Vistara,HYD,CCU,2026-04-20 09:15:41.701,2026-04-20 10:32:41.701,01:17:00,1.28,0 days 01:17:00,1.2833333333333334,0.0033333333333334103
AI044,Unknown,MAA,BLR,2026-04-20 09:03:41.701,2026-04-20 12:36:41.701,03:33:00,3.55,0 days 03:33:00,3.55,0.0
AI078,Air India,DEL,BOM,2026-04-20 08:58:41.702,2026-04-20 13:28:41.702,04:30:00,4.5,0 days 04:30:00,4.5,0.0
SJ226,Spicejet,HYD,BOM,2026-04-20 08:47:41.704,2026-04-20 12:54:41.704,04:07:00,4.12,0 days 04:07:00,4.116666666666666,-0.0033333333333338544
6F209,Indigo,MAA,CCU,2026-04-20 08:40:41.703,2026-04-20 13:40:41.703,05:00:00,5.0,0 days 05:00:00,5.0,0.0
UK193,Vistara,HYD,DEL,2026-04-20 08:39:41.703,2026-04-20 09:14:41.703,00:35:00,0.58,0 days 00:35:00,0.5833333333333334,0.0033333333333334103
6F092,Indigo,MAA,BLR,2026-04-20 08:39:41.702,2026-04-20 09:15:41.702,00:36:00,0.6,0 days 00:36:00,0.6,0.0
AI208,Air India,BLR,BOM,2026-04-20 08:38:41.703,2026-04-20 11:52:41.703,03:14:00,3.23,0 days 03:14:00,3.2333333333333334,0.0033333333333334103
SJ227,Spicejet,BOM,CCU,2026-04-20 08:32:41.704,2026-04-20 12:53:41.704,04:21:00,4.35,0 days 04:21:00,4.35,0.0
6F238,Indigo,BOM,DEL,2026-04-20 08:31:41.704,2026-04-20 09:19:41.704,00:48:00,0.8,0 days 00:48:00,0.8,0.0
AI084,Air India,BOM,HYD,2026-04-20 08:31:41.702,2026-04-20 09:46:41.702,01:15:00,1.25,0 days 01:15:00,1.25,0.0
SJ228,Spicejet,BOM,CCU,2026-04-20 08:29:41.704,2026-04-20 12:16:41.704,03:47:00,3.78,0 days 03:47:00,3.783333333333333,0.0033333333333334103
UK194,Vistara,CCU,BOM,2026-04-20 08:26:41.703,2026-04-20 09:26:42.000,01:00:00.297000,1.0,0 days 01:00:00.297000,1.0000825,8.249999999998536e-05
6F126,Indigo,CCU,MAA,2026-04-20 08:21:41.702,2026-04-20 09:39:41.702,01:18:00,1.3,0 days 01:18:00,1.3,0.0
SJ052,Spicejet,MAA,BLR,2026-04-20 08:20:41.701,2026-04-20 09:57:41.701,01:37:00,1.62,0 days 01:37:00,1.6166666666666667,-0.0033333333333334103
AI233,Air India,BLR,BOM,2026-04-20 08:04:41.704,2026-04-20 09:52:41.704,01:48:00,1.8,0 days 01:48:00,1.8,0.0
AI213,Air India,HYD,CCU,2026-04-20 08:03:41.703,2026-04-20 09:14:41.703,01:11:00,1.18,0 days 01:11:00,1.1833333333333333,0.0033333333333334103
UK076,Vistara,MAA,CCU,2026-04-20 08:03:41.702,2026-04-20 12:26:41.702,04:23:00,4.38,0 days 04:23:00,4.383333333333334,0.0033333333333338544
SJ022,Spicejet,DEL,BLR,2026-04-20 07:56:41.701,2026-04-20 11:07:41.701,03:11:00,3.18,0 days 03:11:00,3.183333333333333,0.0033333333333329662
SJ002,Spicejet,DEL,BOM,2026-04-20 07:54:41.701,2026-04-20 12:40:41.701,04:46:00,4.77,0 days 04:46:00,4.766666666666667,-0.0033333333333329662
AI163,Air India,HYD,MAA,2026-04-20 07:45:41.703,2026-04-20 08:46:41.703,01:01:00,1.02,0 days 01:01:00,1.0166666666666666,-0.0033333333333334103
UK229,Unknown,HYD,DEL,2026-04-20 07:40:41.704,2026-04-20 11:57:41.704,04:17:00,4.28,0 days 04:17:00,4.283333333333333,0.0033333333333329662
UK185,Vistara,DEL,MAA,2026-04-20 07:31:41.703,2026-04-20 08:48:41.703,01:17:00,1.28,0 days 01:17:00,1.2833333333333334,0.0033333333333334103
6F029,Indigo,BOM,BLR,2026-04-20 07:31:41.701,2026-04-20 11:45:41.701,04:14:00,4.23,0 days 04:14:00,4.233333333333333,0.0033333333333329662
6F056,Indigo,BOM,MAA,2026-04-20 07:00:41.701,2026-04-20 08:49:41.701,01:49:00,1.82,0 days 01:49:00,1.8166666666666667,-0.0033333333333334103
AI062,Air India,MAA,DEL,2026-04-20 06:49:41.701,2026-04-20 07:25:41.701,00:36:00,0.6,0 days 00:36:00,0.6,0.0
UK034,Vistara,DEL,BLR,2026-04-20 06:47:41.701,2026-04-20 10:11:41.701,03:24:00,3.4,0 days 03:24:00,3.4,0.0
UK079,Vistara,DEL,BLR,2026-04-20 06:43:41.702,2026-04-20 10:34:41.702,03:51:00,3.85,0 days 03:51:00,3.85,0.0
AI135,Air India,BLR,BOM,2026-04-20 06:40:41.702,2026-04-20 09:21:41.702,02:41:00,2.68,0 days 02:41:00,2.683333333333333,0.0033333333333329662
SJ061,Spicejet,MAA,BLR,2026-04-20 06:38:41.701,2026-04-20 09:35:41.701,02:57:00,2.95,0 days 02:57:00,2.95,0.0
AI047,UNKNOWN,CCU,MAA,2026-04-20 06:36:41.701,2026-04-20 07:23:41.701,00:47:00,0.78,0 days 00:47:00,0.7833333333333333,0.0033333333333332993
UK210,Vistara,DEL,CCU,2026-04-20 06:35:41.704,2026-04-20 07:30:41.704,00:55:00,0.92,0 days 00:55:00,0.9166666666666666,-0.0033333333333334103
AI088,Unknown,MAA,DEL,2026-04-20 06:34:41.702,2026-04-20 10:10:41.702,03:36:00,3.6,0 days 03:36:00,3.6,0.0
UK177,Vistara,DEL,HYD,2026-04-20 06:21:41.703,2026-04-20 10:50:41.703,04:29:00,4.48,0 days 04:29:00,4.483333333333333,0.0033333333333329662
AI128,UNKNOWN,BOM,CCU,2026-04-20 06:07:41.702,2026-04-20 10:03:41.702,03:56:00,3.93,0 days 03:56:00,3.933333333333333,0.0033333333333329662
AI158,Air India,CCU,DEL,2026-04-20 06:04:41.703,2026-04-20 09:01:41.703,02:57:00,2.95,0 days 02:57:00,2.95,0.0
UK206,Vistara,MAA,BLR,2026-04-20 06:01:41.703,2026-04-20 10:34:41.703,04:33:00,4.55,0 days 04:33:00,4.55,0.0
SJ138,UNKNOWN,BLR,BOM,2026-04-20 05:55:41.702,2026-04-20 06:43:41.702,00:48:00,0.8,0 days 00:48:00,0.8,0.0
AI034,Air India,DEL,BOM,2026-04-20 05:48:41.701,2026-04-20 10:31:41.701,04:43:00,4.72,0 days 04:43:00,4.716666666666667,-0.0033333333333329662
AI012,Air India,BOM,CCU,2026-04-20 05:44:41.701,2026-04-20 09:47:41.701,04:03:00,4.05,0 days 04:03:00,4.05,0.0
6F083,Indigo,BLR,DEL,2026-04-20 05:24:41.702,2026-04-20 06:03:41.702,00:39:00,0.65,0 days 00:39:00,0.65,0.0
SJ083,Spicejet,MAA,BLR,2026-04-20 05:13:41.702,2026-04-20 08:17:41.702,03:04:00,3.07,0 days 03:04:00,3.066666666666667,-0.0033333333333329662
SJ186,Spicejet,CCU,DEL,2026-04-20 05:11:41.703,2026-04-20 07:22:41.703,02:11:00,2.18,0 days 02:11:00,2.183333333333333,0.0033333333333329662
UK001,Vistara,CCU,DEL,2026-04-20 05:06:41.700,2026-04-20 06:31:41.700,01:25:00,1.42,0 days 01:25:00,1.4166666666666667,-0.0033333333333331883
AI217,Air India,CCU,BLR,2026-04-20 04:57:41.703,2026-04-20 07:14:41.703,02:17:00,2.28,0 days 02:17:00,2.283333333333333,0.0033333333333334103
6F178,Indigo,BOM,CCU,2026-04-20 04:48:41.703,2026-04-20 09:11:41.703,04:23:00,4.38,0 days 04:23:00,4.383333333333334,0.0033333333333338544
UK015,Vistara,BLR,BOM,2026-04-20 04:46:41.701,2026-04-20 06:33:41.701,01:47:00,1.78,0 days 01:47:00,1.7833333333333334,0.0033333333333334103
AI112,Air India,DEL,BLR,2026-04-20 04:41:41.702,2026-04-20 08:24:41.702,03:43:00,3.72,0 days 03:43:00,3.716666666666667,-0.0033333333333334103
UK100,Vistara,CCU,BLR,2026-04-20 04:40:41.702,2026-04-20 07:12:41.702,02:32:00,2.53,0 days 02:32:00,2.533333333333333,0.0033333333333334103
6F133,Indigo,MAA,BLR,2026-04-20 04:38:41.702,2026-04-20 06:25:41.702,01:47:00,1.78,0 days 01:47:00,1.7833333333333334,0.0033333333333334103
AI227,Air India,BLR,MAA,2026-04-20 04:31:41.703,2026-04-20 08:17:41.703,03:46:00,3.77,0 days 03:46:00,3.7666666666666666,-0.0033333333333334103
UK093,Vistara,HYD,CCU,2026-04-20 04:31:41.702,2026-04-20 05:21:41.702,00:50:00,0.83,0 days 00:50:00,0.8333333333333334,0.0033333333333334103
UK203,Vistara,BLR,HYD,2026-04-20 04:12:41.703,2026-04-20 05:24:41.703,01:12:00,1.2,0 days 01:12:00,1.2,0.0
UK154,Vistara,MAA,HYD,2026-04-20 04:00:41.703,2026-04-20 07:57:41.703,03:57:00,3.95,0 days 03:57:00,3.95,0.0
UK073,Vistara,BLR,CCU,2026-04-20 03:59:41.702,2026-04-20 08:09:41.702,04:10:00,4.17,0 days 04:10:00,4.166666666666667,-0.0033333333333329662
AI164,Air India,DEL,BLR,2026-04-20 03:57:41.703,2026-04-20 05:45:41.703,01:48:00,1.8,0 days 01:48:00,1.8,0.0
UK008,Vistara,CCU,BLR,2026-04-20 03:57:41.701,2026-04-20 04:34:41.701,00:37:00,0.62,0 days 00:37:00,0.6166666666666667,-0.0033333333333332993
UK051,Vistara,HYD,DEL,2026-04-20 03:55:41.701,2026-04-20 06:55:41.701,03:00:00,3.0,0 days 03:00:00,3.0,0.0
UK208,Vistara,DEL,CCU,2026-04-20 03:54:41.704,2026-04-20 08:51:41.704,04:57:00,4.95,0 days 04:57:00,4.95,0.0
AI150,Air India,BOM,DEL,2026-04-20 03:51:41.703,2026-04-20 04:38:41.703,00:47:00,0.78,0 days 00:47:00,0.7833333333333333,0.0033333333333332993
AI189,Air India,CCU,DEL,2026-04-20 03:44:41.703,2026-04-20 05:32:41.703,01:48:00,1.8,0 days 01:48:00,1.8,0.0
6F230,Indigo,CCU,BLR,2026-04-20 03:34:41.704,2026-04-20 06:47:41.704,03:13:00,3.22,0 days 03:13:00,3.216666666666667,-0.0033333333333334103
6F169,Indigo,BOM,DEL,2026-04-20 03:27:41.703,2026-04-20 08:06:41.703,04:39:00,4.65,0 days 04:39:00,4.65,0.0
AI205,Air India,BLR,BOM,2026-04-20 03:26:41.703,2026-04-20 05:14:41.703,01:48:00,1.8,0 days 01:48:00,1.8,0.0
AI103,Air India,BLR,BOM,2026-04-20 03:26:41.702,2026-04-20 04:04:41.702,00:38:00,0.63,0 days 00:38:00,0.6333333333333333,0.0033333333333332993
6F250,Unknown,DEL,BLR,2026-04-20 03:26:41.701,2026-04-20 07:30:41.701,04:04:00,4.07,0 days 04:04:00,4.066666666666666,-0.0033333333333338544
AI246,Air India,BOM,BLR,2026-04-20 03:22:41.704,2026-04-20 06:41:41.704,03:19:00,3.32,0 days 03:19:00,3.316666666666667,-0.0033333333333329662
6F187,Indigo,BOM,MAA,2026-04-20 03:19:41.703,2026-04-20 07:37:41.703,04:18:00,4.3,0 days 04:18:00,4.3,0.0
AI082,Air India,DEL,CCU,2026-04-20 03:19:41.702,2026-04-20 06:01:41.702,02:42:00,2.7,0 days 02:42:00,2.7,0.0
UK116,Vistara,CCU,BOM,2026-04-20 03:18:41.702,2026-04-20 07:06:41.702,03:48:00,3.8,0 days 03:48:00,3.8,0.0
SJ169,Spicejet,BOM,MAA,2026-04-20 03:10:41.703,2026-04-20 07:56:41.703,04:46:00,4.77,0 days 04:46:00,4.766666666666667,-0.0033333333333329662
AI175,Air India,BOM,HYD,2026-04-20 03:08:41.703,2026-04-20 06:55:41.703,03:47:00,3.78,0 days 03:47:00,3.783333333333333,0.0033333333333334103
SJ098,Spicejet,HYD,MAA,2026-04-20 03:02:41.702,2026-04-20 03:37:41.702,00:35:00,0.58,0 days 00:35:00,0.5833333333333334,0.0033333333333334103
SJ191,Spicejet,BLR,BOM,2026-04-20 03:01:41.703,2026-04-20 04:23:41.703,01:22:00,1.37,0 days 01:22:00,1.3666666666666667,-0.0033333333333334103
SJ017,Spicejet,DEL,MAA,2026-04-20 02:57:41.701,2026-04-20 05:00:41.701,02:03:00,2.05,0 days 02:03:00,2.05,0.0
UK188,Vistara,MAA,BLR,2026-04-20 02:55:41.703,2026-04-20 03:44:41.703,00:49:00,0.82,0 days 00:49:00,0.8166666666666667,-0.0033333333333332993
AI196,Air India,MAA,HYD,2026-04-20 02:52:41.703,2026-04-20 04:25:41.703,01:33:00,1.55,0 days 01:33:00,1.55,0.0
AI068,Air India,BOM,BLR,2026-04-20 02:48:41.702,2026-04-20 04:48:42.000,02:00:00.298000,2.0,0 days 02:00:00.298000,2.0000827777777777,8.277777777765394e-05
SJ097,Spicejet,BOM,CCU,2026-04-20 02:37:41.702,2026-04-20 05:27:41.702,02:50:00,2.83,0 days 02:50:00,2.8333333333333335,0.0033333333333334103
SJ030,Spicejet,DEL,HYD,2026-04-20 02:36:41.701,2026-04-20 03:19:41.701,00:43:00,0.72,0 days 00:43:00,0.7166666666666667,-0.0033333333333332993
6F179,Indigo,HYD,MAA,2026-04-20 02:25:41.703,2026-04-20 06:40:41.703,04:15:00,4.25,0 days 04:15:00,4.25,0.0
6F156,Indigo,MAA,BOM,2026-04-20 02:23:41.703,2026-04-20 04:57:41.703,02:34:00,2.57,0 days 02:34:00,2.566666666666667,-0.0033333333333329662
SJ057,Spicejet,BOM,CCU,2026-04-20 02:17:41.701,2026-04-20 05:29:41.701,03:12:00,3.2,0 days 03:12:00,3.2,0.0
6F036,Indigo,CCU,BLR,2026-04-20 02:14:41.701,2026-04-20 06:57:41.701,04:43:00,4.72,0 days 04:43:00,4.716666666666667,-0.0033333333333329662
6F201,Indigo,CCU,BOM,2026-04-20 02:09:41.703,2026-04-20 06:49:41.703,04:40:00,4.67,0 days 04:40:00,4.666666666666667,-0.0033333333333329662
6F143,Indigo,CCU,DEL,2026-04-20 02:09:41.702,2026-04-20 06:08:41.702,03:59:00,3.98,0 days 03:59:00,3.9833333333333334,0.0033333333333334103
6F177,Indigo,HYD,MAA,2026-04-20 02:03:41.703,2026-04-20 04:25:41.703,02:22:00,2.37,0 days 02:22:00,2.3666666666666667,-0.0033333333333334103
6F031,Indigo,BOM,BLR,2026-04-20 02:00:41.701,2026-04-20 06:37:41.701,04:37:00,4.62,0 days 04:37:00,4.616666666666666,-0.0033333333333338544
UK165,Vistara,DEL,BLR,2026-04-20 01:51:41.703,2026-04-20 06:04:41.703,04:13:00,4.22,0 days 04:13:00,4.216666666666667,-0.0033333333333329662
6F122,Indigo,DEL,BLR,2026-04-20 01:44:41.702,2026-04-20 05:28:41.702,03:44:00,3.73,0 days 03:44:00,3.7333333333333334,0.0033333333333334103
AI009,UNKNOWN,DEL,CCU,2026-04-20 01:31:41.701,2026-04-20 04:05:41.701,02:34:00,2.57,0 days 02:34:00,2.566666666666667,-0.0033333333333329662
6F046,Indigo,DEL,BLR,2026-04-20 01:27:41.701,2026-04-20 05:08:41.701,03:41:00,3.68,0 days 03:41:00,3.683333333333333,0.0033333333333329662
AI051,Air India,MAA,BLR,2026-04-20 01:27:41.701,2026-04-20 02:22:41.701,00:55:00,0.92,0 days 00:55:00,0.9166666666666666,-0.0033333333333334103
UK222,Vistara,BOM,CCU,2026-04-20 01:22:41.704,2026-04-20 02:57:41.704,01:35:00,1.58,0 days 01:35:00,1.5833333333333333,0.0033333333333331883
SJ127,Spicejet,BOM,DEL,2026-04-20 01:21:41.702,2026-04-20 03:58:41.702,02:37:00,2.62,0 days 02:37:00,2.6166666666666667,-0.0033333333333334103
AI226,UNKNOWN,BLR,HYD,2026-04-20 01:19:41.703,2026-04-20 04:08:41.703,02:49:00,2.82,0 days 02:49:00,2.816666666666667,-0.0033333333333329662
AI216,Air India,BOM,CCU,2026-04-20 01:10:41.703,2026-04-20 02:34:41.703,01:24:00,1.4,0 days 01:24:00,1.4,0.0
6F058,Indigo,BOM,CCU,2026-04-20 01:04:41.701,2026-04-20 03:33:41.701,02:29:00,2.48,0 days 02:29:00,2.4833333333333334,0.0033333333333334103
SJ207,Spicejet,DEL,CCU,2026-04-20 00:52:41.703,2026-04-20 04:05:41.703,03:13:00,3.22,0 days 03:13:00,3.216666666666667,-0.0033333333333334103
SJ198,Spicejet,CCU,BOM,2026-04-20 00:47:41.703,2026-04-20 05:28:41.703,04:41:00,4.68,0 days 04:41:00,4.683333333333334,0.0033333333333338544
SJ108,Spicejet,BLR,HYD,2026-04-20 00:40:41.702,2026-04-20 03:16:41.702,02:36:00,2.6,0 days 02:36:00,2.6,0.0
SJ155,Spicejet,DEL,CCU,2026-04-20 00:38:41.702,2026-04-20 05:38:41.702,05:00:00,5.0,0 days 05:00:00,5.0,0.0
6F193,Indigo,BOM,MAA,2026-04-20 00:34:41.703,2026-04-20 02:32:41.703,01:58:00,1.97,0 days 01:58:00,1.9666666666666666,-0.0033333333333334103
6F019,Indigo,BLR,BOM,2026-04-20 00:19:41.701,2026-04-20 04:14:41.701,03:55:00,3.92,0 days 03:55:00,3.9166666666666665,-0.0033333333333334103
AI102,Air India,CCU,BLR,2026-04-20 00:17:41.702,2026-04-20 05:08:41.702,04:51:00,4.85,0 days 04:51:00,4.85,0.0
6F166,Indigo,BOM,CCU,2026-04-20 00:03:41.703,2026-04-20 04:33:41.703,04:30:00,4.5,0 days 04:30:00,4.5,0.0
UK175,Vistara,BLR,BOM,2026-04-19 23:56:41.703,2026-04-20 03:18:41.703,03:22:00,3.37,0 days 03:22:00,3.3666666666666667,-0.0033333333333334103
6F010,Indigo,DEL,BLR,2026-04-19 23:53:41.701,2026-04-20 03:44:41.701,03:51:00,3.85,0 days 03:51:00,3.85,0.0
AI234,Air India,BOM,MAA,2026-04-19 23:50:41.704,2026-04-20 01:34:41.704,01:44:00,1.73,0 days 01:44:00,1.7333333333333334,0.0033333333333334103
UK135,Vistara,HYD,DEL,2026-04-19 23:50:41.702,2026-04-20 01:43:41.702,01:53:00,1.88,0 days 01:53:00,1.8833333333333333,0.0033333333333334103
6F272,UNKNOWN,HYD,MAA,2026-04-19 23:35:41.702,2026-04-20 00:22:41.702,00:47:00,0.78,0 days 00:47:00,0.7833333333333333,0.0033333333333332993
AI061,Air India,BOM,CCU,2026-04-19 23:31:41.701,2026-04-20 01:02:41.701,01:31:00,1.52,0 days 01:31:00,1.5166666666666666,-0.0033333333333334103
6F070,Indigo,HYD,DEL,2026-04-19 23:23:41.701,2026-04-20 02:24:41.701,03:01:00,3.02,0 days 03:01:00,3.0166666666666666,-0.0033333333333334103
AI015,Air India,BLR,CCU,2026-04-19 23:21:41.701,2026-04-20 01:15:41.701,01:54:00,1.9,0 days 01:54:00,1.9,0.0
SJ076,Spicejet,DEL,MAA,2026-04-19 23:01:41.701,2026-04-20 02:02:41.701,03:01:00,3.02,0 days 03:01:00,3.0166666666666666,-0.0033333333333334103
SJ029,Unknown,HYD,DEL,2026-04-19 22:55:41.701,2026-04-20 00:22:41.701,01:27:00,1.45,0 days 01:27:00,1.45,0.0
SJ194,Spicejet,CCU,DEL,2026-04-19 22:46:41.703,2026-04-20 02:31:41.703,03:45:00,3.75,0 days 03:45:00,3.75,0.0
AI235,Air India,BLR,HYD,2026-04-19 22:45:41.704,2026-04-20 02:12:41.704,03:27:00,3.45,0 days 03:27:00,3.45,0.0
SJ048,Spicejet,MAA,BLR,2026-04-19 22:43:41.701,2026-04-20 00:19:41.701,01:36:00,1.6,0 days 01:36:00,1.6,0.0
SJ114,Spicejet,HYD,DEL,2026-04-19 22:42:41.702,2026-04-20 02:02:41.702,03:20:00,3.33,0 days 03:20:00,3.3333333333333335,0.0033333333333334103
SJ146,Spicejet,HYD,BLR,2026-04-19 22:37:41.702,2026-04-20 00:33:41.702,01:56:00,1.93,0 days 01:56:00,1.9333333333333333,0.0033333333333334103
UK041,Vistara,HYD,MAA,2026-04-19 22:37:41.701,2026-04-19 23:44:41.701,01:07:00,1.12,0 days 01:07:00,1.1166666666666667,-0.0033333333333334103
6F075,Indigo,BOM,CCU,2026-04-19 22:20:41.702,2026-04-20 03:02:41.702,04:42:00,4.7,0 days 04:42:00,4.7,0.0
SJ020,Spicejet,BLR,BOM,2026-04-19 22:18:41.701,2026-04-20 02:27:41.701,04:09:00,4.15,0 days 04:09:00,4.15,0.0
SJ099,UNKNOWN,MAA,BLR,2026-04-19 22:14:41.702,2026-04-20 00:34:41.702,02:20:00,2.33,0 days 02:20:00,2.3333333333333335,0.0033333333333334103
6F078,Indigo,BOM,CCU,2026-04-19 22:04:41.702,2026-04-19 23:37:41.702,01:33:00,1.55,0 days 01:33:00,1.55,0.0
UK219,Vistara,BOM,HYD,2026-04-19 22:03:41.704,2026-04-20 02:21:41.704,04:18:00,4.3,0 days 04:18:00,4.3,0.0
UK223,Vistara,CCU,DEL,2026-04-19 21:58:41.704,2026-04-19 22:30:41.704,00:32:00,0.53,0 days 00:32:00,0.5333333333333333,0.0033333333333332993
UK227,Vistara,BOM,HYD,2026-04-19 21:57:41.704,2026-04-20 01:47:41.704,03:50:00,3.83,0 days 03:50:00,3.8333333333333335,0.0033333333333334103
6F260,UNKNOWN,CCU,DEL,2026-04-19 21:51:41.702,2026-04-20 01:14:41.702,03:23:00,3.38,0 days 03:23:00,3.3833333333333333,0.0033333333333334103
AI096,Air India,CCU,DEL,2026-04-19 21:48:41.702,2026-04-20 02:46:41.702,04:58:00,4.97,0 days 04:58:00,4.966666666666667,-0.0033333333333329662
6F022,Indigo,MAA,BLR,2026-04-19 21:46:41.701,2026-04-20 02:05:41.701,04:19:00,4.32,0 days 04:19:00,4.316666666666666,-0.0033333333333338544
6F237,Indigo,HYD,MAA,2026-04-19 21:41:41.704,2026-04-20 00:44:41.704,03:03:00,3.05,0 days 03:03:00,3.05,0.0
UK146,Vistara,BOM,MAA,2026-04-19 21:40:41.703,2026-04-20 00:08:41.703,02:28:00,2.47,0 days 02:28:00,2.466666666666667,-0.0033333333333334103
SJ015,Spicejet,BOM,CCU,2026-04-19 21:40:41.701,2026-04-19 22:52:41.701,01:12:00,1.2,0 days 01:12:00,1.2,0.0
AI108,Air India,BLR,CCU,2026-04-19 21:32:41.702,2026-04-20 00:17:41.702,02:45:00,2.75,0 days 02:45:00,2.75,0.0
UK020,Vistara,MAA,BLR,2026-04-19 21:23:41.701,2026-04-19 22:38:41.701,01:15:00,1.25,0 days 01:15:00,1.25,0.0
6F113,Indigo,BOM,CCU,2026-04-19 21:04:41.702,2026-04-20 01:30:41.702,04:26:00,4.43,0 days 04:26:00,4.433333333333334,0.0033333333333338544
6F112,Indigo,HYD,DEL,2026-04-19 21:00:41.702,2026-04-19 23:16:41.702,02:16:00,2.27,0 days 02:16:00,2.2666666666666666,-0.0033333333333334103
6F246,Indigo,HYD,DEL,2026-04-19 21:00:41.702,2026-04-19 23:16:41.702,02:16:00,2.27,0 days 02:16:00,2.2666666666666666,-0.0033333333333334103
UK158,Vistara,BOM,MAA,2026-04-19 20:49:41.703,2026-04-19 21:22:41.703,00:33:00,0.55,0 days 00:33:00,0.55,0.0
UK159,Vistara,CCU,BLR,2026-04-19 20:45:41.703,2026-04-19 23:32:41.703,02:47:00,2.78,0 days 02:47:00,2.783333333333333,0.0033333333333334103
UK084,Vistara,MAA,DEL,2026-04-19 20:44:41.702,2026-04-20 00:20:41.702,03:36:00,3.6,0 days 03:36:00,3.6,0.0
SJ206,Spicejet,DEL,CCU,2026-04-19 20:43:41.703,2026-04-20 01:21:41.703,04:38:00,4.63,0 days 04:38:00,4.633333333333334,0.0033333333333338544
UK044,Vistara,BLR,BOM,2026-04-19 20:31:41.701,2026-04-19 23:29:41.701,02:58:00,2.97,0 days 02:58:00,2.966666666666667,-0.0033333333333334103
SJ036,Spicejet,DEL,HYD,2026-04-19 20:24:41.701,2026-04-19 23:54:41.701,03:30:00,3.5,0 days 03:30:00,3.5,0.0
6F176,Indigo,CCU,DEL,2026-04-19 20:23:42.000,2026-04-19 23:23:42.000,03:00:00,3.0,0 days 03:00:00,3.0,0.0
6F148,Indigo,CCU,BOM,2026-04-19 20:23:41.703,2026-04-19 22:30:41.703,02:07:00,2.12,0 days 02:07:00,2.1166666666666667,-0.0033333333333334103
6F202,Indigo,HYD,BLR,2026-04-19 20:18:41.703,2026-04-19 23:48:41.703,03:30:00,3.5,0 days 03:30:00,3.5,0.0
6F071,Indigo,DEL,CCU,2026-04-19 20:18:41.702,2026-04-20 00:31:41.702,04:13:00,4.22,0 days 04:13:00,4.216666666666667,-0.0033333333333329662
AI105,Air India,CCU,DEL,2026-04-19 20:16:41.702,2026-04-19 22:03:41.702,01:47:00,1.78,0 days 01:47:00,1.7833333333333334,0.0033333333333334103
AI241,Air India,HYD,BLR,2026-04-19 20:11:41.704,2026-04-19 22:18:41.704,02:07:00,2.12,0 days 02:07:00,2.1166666666666667,-0.0033333333333334103
SJ162,Spicejet,DEL,HYD,2026-04-19 20:11:41.703,2026-04-19 22:30:41.703,02:19:00,2.32,0 days 02:19:00,2.316666666666667,-0.0033333333333329662
6F003,Indigo,HYD,BOM,2026-04-19 20:06:41.700,2026-04-19 23:13:41.700,03:07:00,3.12,0 days 03:07:00,3.1166666666666667,-0.0033333333333334103
6F249,Indigo,HYD,BOM,2026-04-19 20:06:41.700,2026-04-19 23:13:41.700,03:07:00,3.12,0 days 03:07:00,3.1166666666666667,-0.0033333333333334103
AI237,Air India,BOM,CCU,2026-04-19 19:58:41.704,2026-04-19 23:13:41.704,03:15:00,3.25,0 days 03:15:00,3.25,0.0
SJ134,Spicejet,BOM,CCU,2026-04-19 19:58:41.702,2026-04-20 00:15:41.702,04:17:00,4.28,0 days 04:17:00,4.283333333333333,0.0033333333333329662
AI071,Air India,BOM,MAA,2026-04-19 19:55:41.702,2026-04-19 22:58:41.702,03:03:00,3.05,0 days 03:03:00,3.05,0.0
6F118,Indigo,CCU,HYD,2026-04-19 19:52:41.702,2026-04-19 21:01:41.702,01:09:00,1.15,0 days 01:09:00,1.15,0.0
6F014,Indigo,DEL,MAA,2026-04-19 19:42:41.701,2026-04-19 23:15:41.701,03:33:00,3.55,0 days 03:33:00,3.55,0.0
6F065,Indigo,MAA,BLR,2026-04-19 19:40:41.701,2026-04-19 22:23:41.701,02:43:00,2.72,0 days 02:43:00,2.716666666666667,-0.0033333333333334103
6F271,UNKNOWN,HYD,MAA,2026-04-19 19:33:41.702,2026-04-19 22:52:41.702,03:19:00,3.32,0 days 03:19:00,3.316666666666667,-0.0033333333333329662
SJ070,Spicejet,MAA,CCU,2026-04-19 18:55:41.701,2026-04-19 20:48:41.701,01:53:00,1.88,0 days 01:53:00,1.8833333333333333,0.0033333333333334103
6F007,Indigo,HYD,MAA,2026-04-19 18:55:41.701,2026-04-19 19:54:41.701,00:59:00,0.98,0 days 00:59:00,0.9833333333333333,0.0033333333333332993
UK007,Vistara,DEL,HYD,2026-04-19 18:50:41.701,2026-04-19 21:04:41.701,02:14:00,2.23,0 days 02:14:00,2.2333333333333334,0.0033333333333334103
SJ192,Spicejet,HYD,BOM,2026-04-19 18:45:42.000,2026-04-19 23:45:42.000,1899-12-29 05:00:00,5.0,,,
AI097,Air India,HYD,MAA,2026-04-19 18:42:41.702,2026-04-19 23:34:41.702,04:52:00,4.87,0 days 04:52:00,4.866666666666666,-0.0033333333333338544
6F256,UNKNOWN,BOM,CCU,2026-04-19 18:40:41.702,2026-04-19 19:13:41.702,00:33:00,0.55,0 days 00:33:00,0.55,0.0
UK047,Vistara,BLR,HYD,2026-04-19 18:40:41.701,2026-04-19 22:45:41.701,04:05:00,4.08,0 days 04:05:00,4.083333333333333,0.0033333333333329662
AI024,Air India,MAA,BOM,2026-04-19 18:38:41.701,2026-04-19 19:45:41.701,01:07:00,1.12,0 days 01:07:00,1.1166666666666667,-0.0033333333333334103
UK113,Vistara,CCU,DEL,2026-04-19 18:34:41.702,2026-04-19 22:58:41.702,04:24:00,4.4,0 days 04:24:00,4.4,0.0
SJ163,Spicejet,DEL,HYD,2026-04-19 18:32:41.703,2026-04-19 23:08:41.703,04:36:00,4.6,0 days 04:36:00,4.6,0.0
SJ208,Spicejet,DEL,HYD,2026-04-19 18:32:41.703,2026-04-19 19:33:41.703,01:01:00,1.02,0 days 01:01:00,1.0166666666666666,-0.0033333333333334103
SJ221,Spicejet,MAA,HYD,2026-04-19 18:31:41.703,2026-04-19 23:17:41.703,04:46:00,4.77,0 days 04:46:00,4.766666666666667,-0.0033333333333329662
SJ084,Spicejet,HYD,MAA,2026-04-19 18:31:41.702,2026-04-19 19:30:41.702,00:59:00,0.98,0 days 00:59:00,0.9833333333333333,0.0033333333333332993
6F127,Indigo,HYD,BOM,2026-04-19 18:27:41.702,2026-04-19 22:28:41.702,04:01:00,4.02,0 days 04:01:00,4.016666666666667,-0.0033333333333329662
AI122,Air India,BOM,CCU,2026-04-19 18:25:41.702,2026-04-19 22:36:41.702,04:11:00,4.18,0 days 04:11:00,4.183333333333334,0.0033333333333338544
AI139,Air India,HYD,MAA,2026-04-19 18:23:41.702,2026-04-19 19:24:41.702,01:01:00,1.02,0 days 01:01:00,1.0166666666666666,-0.0033333333333334103
UK149,Vistara,MAA,DEL,2026-04-19 18:22:41.703,2026-04-19 23:08:41.703,04:46:00,4.77,0 days 04:46:00,4.766666666666667,-0.0033333333333329662
AI149,Air India,BOM,HYD,2026-04-19 18:19:41.703,2026-04-19 21:36:41.703,03:17:00,3.28,0 days 03:17:00,3.283333333333333,0.0033333333333334103
SJ243,Spicejet,BLR,DEL,2026-04-19 18:17:41.704,2026-04-19 23:03:41.704,04:46:00,4.77,0 days 04:46:00,4.766666666666667,-0.0033333333333329662
AI053,Air India,CCU,DEL,2026-04-19 18:04:41.701,2026-04-19 22:19:41.701,04:15:00,4.25,0 days 04:15:00,4.25,0.0
UK061,Vistara,BLR,BOM,2026-04-19 17:58:41.701,2026-04-19 19:48:41.701,01:50:00,1.83,0 days 01:50:00,1.8333333333333333,0.0033333333333331883
SJ004,Spicejet,MAA,DEL,2026-04-19 17:52:41.701,2026-04-19 21:01:41.701,03:09:00,3.15,0 days 03:09:00,3.15,0.0
AI173,Air India,HYD,DEL,2026-04-19 17:36:41.703,2026-04-19 22:27:41.703,04:51:00,4.85,0 days 04:51:00,4.85,0.0
6F085,Indigo,HYD,MAA,2026-04-19 17:32:41.702,2026-04-19 19:32:42.000,02:00:00.298000,2.0,0 days 02:00:00.298000,2.0000827777777777,8.277777777765394e-05
AI252,UNKNOWN,HYD,DEL,2026-04-19 17:30:41.704,2026-04-19 21:54:41.704,04:24:00,4.4,0 days 04:24:00,4.4,0.0
SJ109,Spicejet,BOM,DEL,2026-04-19 17:24:41.702,2026-04-19 20:28:41.702,03:04:00,3.07,0 days 03:04:00,3.066666666666667,-0.0033333333333329662
UK123,Vistara,BOM,DEL,2026-04-19 17:24:41.702,2026-04-19 20:18:41.702,02:54:00,2.9,0 days 02:54:00,2.9,0.0
6F125,Indigo,BOM,CCU,2026-04-19 17:09:41.702,2026-04-19 21:13:41.702,04:04:00,4.07,0 days 04:04:00,4.066666666666666,-0.0033333333333338544
UK183,Vistara,BLR,CCU,2026-04-19 17:07:41.703,2026-04-19 18:30:41.703,01:23:00,1.38,0 days 01:23:00,1.3833333333333333,0.0033333333333334103
AI110,Air India,BOM,CCU,2026-04-19 17:07:41.702,2026-04-19 22:00:41.702,04:53:00,4.88,0 days 04:53:00,4.883333333333334,0.0033333333333338544
UK105,Vistara,CCU,HYD,2026-04-19 17:04:41.702,2026-04-19 18:11:41.702,01:07:00,1.12,0 days 01:07:00,1.1166666666666667,-0.0033333333333334103
6F128,Indigo,HYD,DEL,2026-04-19 16:56:41.702,2026-04-19 18:03:41.702,01:07:00,1.12,0 days 01:07:00,1.1166666666666667,-0.0033333333333334103
6F224,Indigo,DEL,MAA,2026-04-19 16:53:41.704,2026-04-19 18:52:41.704,01:59:00,1.98,0 days 01:59:00,1.9833333333333334,0.0033333333333334103
SJ130,Spicejet,BOM,DEL,2026-04-19 16:53:41.702,2026-04-19 20:53:41.702,04:00:00,4.0,0 days 04:00:00,4.0,0.0
AI224,Air India,DEL,HYD,2026-04-19 16:51:41.703,2026-04-19 21:36:41.703,04:45:00,4.75,0 days 04:45:00,4.75,0.0
SJ182,Spicejet,CCU,BOM,2026-04-19 16:48:41.703,2026-04-19 17:36:41.703,00:48:00,0.8,0 days 00:48:00,0.8,0.0
UK164,Vistara,BOM,HYD,2026-04-19 16:46:41.703,2026-04-19 21:10:41.703,04:24:00,4.4,0 days 04:24:00,4.4,0.0
AI161,Air India,CCU,BOM,2026-04-19 16:40:41.703,2026-04-19 19:40:41.703,03:00:00,3.0,0 days 03:00:00,3.0,0.0
6F206,Indigo,DEL,BOM,2026-04-19 16:39:41.703,2026-04-19 20:59:41.703,04:20:00,4.33,0 days 04:20:00,4.333333333333333,0.0033333333333329662
SJ204,Spicejet,CCU,DEL,2026-04-19 16:34:41.703,2026-04-19 18:15:41.703,01:41:00,1.68,0 days 01:41:00,1.6833333333333333,0.0033333333333334103
AI206,Air India,CCU,MAA,2026-04-19 16:30:41.703,2026-04-19 20:01:41.703,03:31:00,3.52,0 days 03:31:00,3.5166666666666666,-0.0033333333333334103
6F140,Indigo,CCU,HYD,2026-04-19 16:30:41.702,2026-04-19 18:21:41.702,01:51:00,1.85,0 days 01:51:00,1.85,0.0
6F253,Unknown,MAA,BLR,2026-04-19 16:26:41.703,2026-04-19 18:24:41.703,01:58:00,1.97,0 days 01:58:00,1.9666666666666666,-0.0033333333333334103
SJ203,UNKNOWN,DEL,HYD,2026-04-19 16:22:41.703,2026-04-19 18:27:41.703,02:05:00,2.08,0 days 02:05:00,2.0833333333333335,0.0033333333333334103
SJ161,Spicejet,MAA,BLR,2026-04-19 16:22:41.703,2026-04-19 17:04:41.703,00:42:00,0.7,0 days 00:42:00,0.7,0.0
AI098,Air India,HYD,MAA,2026-04-19 16:01:41.702,2026-04-19 18:11:41.702,02:10:00,2.17,0 days 02:10:00,2.1666666666666665,-0.0033333333333334103
AI168,UNKNOWN,DEL,CCU,2026-04-19 15:50:41.703,2026-04-19 20:20:41.703,04:30:00,4.5,0 days 04:30:00,4.5,0.0
UK190,Vistara,DEL,BLR,2026-04-19 15:49:41.703,2026-04-19 18:53:41.703,03:04:00,3.07,0 days 03:04:00,3.066666666666667,-0.0033333333333329662
AI085,Air India,DEL,HYD,2026-04-19 15:45:41.702,2026-04-19 20:33:41.702,04:48:00,4.8,0 days 04:48:00,4.8,0.0
AI076,Air India,BLR,BOM,2026-04-19 15:37:41.702,2026-04-19 16:12:41.702,00:35:00,0.58,0 days 00:35:00,0.5833333333333334,0.0033333333333334103
UK130,Vistara,MAA,BLR,2026-04-19 15:36:41.702,2026-04-19 19:43:41.702,04:07:00,4.12,0 days 04:07:00,4.116666666666666,-0.0033333333333338544
6F038,Indigo,HYD,MAA,2026-04-19 15:36:41.701,2026-04-19 19:33:41.701,03:57:00,3.95,0 days 03:57:00,3.95,0.0
UK110,Vistara,HYD,DEL,2026-04-19 15:26:41.702,2026-04-19 20:13:41.702,04:47:00,4.78,0 days 04:47:00,4.783333333333333,0.0033333333333329662
SJ013,Spicejet,DEL,MAA,2026-04-19 15:25:41.701,2026-04-19 19:54:41.701,04:29:00,4.48,0 days 04:29:00,4.483333333333333,0.0033333333333329662
AI039,Air India,MAA,BLR,2026-04-19 15:24:41.701,2026-04-19 18:56:41.701,03:32:00,3.53,0 days 03:32:00,3.533333333333333,0.0033333333333334103
AI248,Air India,CCU,DEL,2026-04-19 15:17:41.704,2026-04-19 16:35:41.704,01:18:00,1.3,0 days 01:18:00,1.3,0.0
6F199,Indigo,DEL,MAA,2026-04-19 15:15:41.703,2026-04-19 17:32:41.703,02:17:00,2.28,0 days 02:17:00,2.283333333333333,0.0033333333333334103
AI225,Air India,BOM,BLR,2026-04-19 15:05:41.703,2026-04-19 16:01:41.703,00:56:00,0.93,0 days 00:56:00,0.9333333333333333,0.0033333333333332993
SJ028,Spicejet,CCU,BOM,2026-04-19 15:04:41.701,2026-04-19 19:32:41.701,04:28:00,4.47,0 days 04:28:00,4.466666666666667,-0.0033333333333329662
SJ012,Spicejet,HYD,BLR,2026-04-19 15:01:41.701,2026-04-19 16:12:41.701,01:11:00,1.18,0 days 01:11:00,1.1833333333333333,0.0033333333333334103
SJ131,Spicejet,MAA,HYD,2026-04-19 15:00:41.702,2026-04-19 16:07:41.702,01:07:00,1.12,0 days 01:07:00,1.1166666666666667,-0.0033333333333334103
AI010,Air India,BOM,HYD,2026-04-19 15:00:41.701,2026-04-19 19:48:41.701,04:48:00,4.8,0 days 04:48:00,4.8,0.0
6F020,Indigo,BOM,HYD,2026-04-19 14:58:41.701,2026-04-19 16:43:41.701,01:45:00,1.75,0 days 01:45:00,1.75,0.0
SJ038,Spicejet,BLR,DEL,2026-04-19 14:57:41.701,2026-04-19 17:46:41.701,02:49:00,2.82,0 days 02:49:00,2.816666666666667,-0.0033333333333329662
UK204,Vistara,BLR,DEL,2026-04-19 14:46:41.703,2026-04-19 16:24:41.703,01:38:00,1.63,0 days 01:38:00,1.6333333333333333,0.0033333333333334103
AI036,Air India,BOM,CCU,2026-04-19 14:45:41.701,2026-04-19 16:16:41.701,01:31:00,1.52,0 days 01:31:00,1.5166666666666666,-0.0033333333333334103
AI100,Unknown,CCU,BOM,2026-04-19 14:42:41.702,2026-04-19 18:22:41.702,03:40:00,3.67,0 days 03:40:00,3.6666666666666665,-0.0033333333333334103
SJ215,Spicejet,CCU,DEL,2026-04-19 14:37:41.703,2026-04-19 16:12:41.703,01:35:00,1.58,0 days 01:35:00,1.5833333333333333,0.0033333333333331883
UK155,Vistara,MAA,HYD,2026-04-19 14:34:41.703,2026-04-19 18:37:41.703,04:03:00,4.05,0 days 04:03:00,4.05,0.0
SJ173,Spicejet,CCU,HYD,2026-04-19 14:27:41.703,2026-04-19 16:09:41.703,01:42:00,1.7,0 days 01:42:00,1.7,0.0
UK179,Vistara,DEL,HYD,2026-04-19 14:25:41.703,2026-04-19 19:15:41.703,04:50:00,4.83,0 days 04:50:00,4.833333333333333,0.0033333333333329662
UK221,Vistara,CCU,DEL,2026-04-19 14:18:41.704,2026-04-19 18:44:41.704,04:26:00,4.43,0 days 04:26:00,4.433333333333334,0.0033333333333338544
UK023,Vistara,DEL,MAA,2026-04-19 14:15:41.701,2026-04-19 19:03:41.701,04:48:00,4.8,0 days 04:48:00,4.8,0.0
SJ107,Spicejet,BOM,MAA,2026-04-19 14:10:41.702,2026-04-19 18:38:41.702,04:28:00,4.47,0 days 04:28:00,4.466666666666667,-0.0033333333333329662
AI073,Air India,BOM,BLR,2026-04-19 14:08:41.702,2026-04-19 16:10:41.702,02:02:00,2.03,0 days 02:02:00,2.033333333333333,0.0033333333333334103
SJ187,Spicejet,MAA,BLR,2026-04-19 14:07:41.703,2026-04-19 17:30:41.703,03:23:00,3.38,0 days 03:23:00,3.3833333333333333,0.0033333333333334103
UK058,Vistara,MAA,BOM,2026-04-19 13:46:41.701,2026-04-19 17:04:41.701,03:18:00,3.3,0 days 03:18:00,3.3,0.0
SJ063,Spicejet,MAA,BOM,2026-04-19 13:38:41.701,2026-04-19 15:23:41.701,01:45:00,1.75,0 days 01:45:00,1.75,0.0
SJ062,Spicejet,BLR,HYD,2026-04-19 13:37:41.701,2026-04-19 17:06:41.701,03:29:00,3.48,0 days 03:29:00,3.4833333333333334,0.0033333333333334103
UK048,Vistara,MAA,DEL,2026-04-19 13:36:41.701,2026-04-19 18:21:41.701,04:45:00,4.75,0 days 04:45:00,4.75,0.0
AI181,Air India,MAA,HYD,2026-04-19 13:29:41.703,2026-04-19 16:55:41.703,03:26:00,3.43,0 days 03:26:00,3.433333333333333,0.0033333333333329662
AI003,Air India,BLR,HYD,2026-04-19 13:27:41.701,2026-04-19 16:55:41.701,03:28:00,3.47,0 days 03:28:00,3.466666666666667,-0.0033333333333334103
6F041,Indigo,MAA,BOM,2026-04-19 13:19:41.701,2026-04-19 16:48:41.701,03:29:00,3.48,0 days 03:29:00,3.4833333333333334,0.0033333333333334103
6F175,Indigo,MAA,CCU,2026-04-19 13:18:41.703,2026-04-19 15:13:41.703,01:55:00,1.92,0 days 01:55:00,1.9166666666666667,-0.0033333333333331883
6F013,Indigo,BOM,CCU,2026-04-19 13:15:41.701,2026-04-19 18:05:41.701,04:50:00,4.83,0 days 04:50:00,4.833333333333333,0.0033333333333329662
SJ040,Spicejet,BOM,CCU,2026-04-19 13:12:41.701,2026-04-19 16:44:41.701,03:32:00,3.53,0 days 03:32:00,3.533333333333333,0.0033333333333334103
SJ016,Spicejet,HYD,CCU,2026-04-19 13:01:41.701,2026-04-19 16:26:41.701,03:25:00,3.42,0 days 03:25:00,3.4166666666666665,-0.0033333333333334103
6F135,Indigo,MAA,HYD,2026-04-19 12:59:41.702,2026-04-19 13:45:41.702,00:46:00,0.77,0 days 00:46:00,0.7666666666666667,-0.0033333333333332993
6F150,Indigo,HYD,MAA,2026-04-19 12:55:41.703,2026-04-19 16:53:41.703,03:58:00,3.97,0 days 03:58:00,3.966666666666667,-0.0033333333333334103
AI083,Air India,DEL,BOM,2026-04-19 12:54:41.702,2026-04-19 13:37:41.702,00:43:00,0.72,0 days 00:43:00,0.7166666666666667,-0.0033333333333332993
SJ166,Spicejet,CCU,HYD,2026-04-19 12:51:41.703,2026-04-19 16:18:41.703,03:27:00,3.45,0 days 03:27:00,3.45,0.0
SJ027,Unknown,BOM,MAA,2026-04-19 12:50:41.701,2026-04-19 17:13:41.701,04:23:00,4.38,0 days 04:23:00,4.383333333333334,0.0033333333333338544
6F134,Indigo,BLR,MAA,2026-04-19 12:47:41.702,2026-04-19 14:06:41.702,01:19:00,1.32,0 days 01:19:00,1.3166666666666667,-0.0033333333333334103
UK225,Vistara,MAA,BLR,2026-04-19 12:46:41.704,2026-04-19 15:02:41.704,02:16:00,2.27,0 days 02:16:00,2.2666666666666666,-0.0033333333333334103
SJ175,Spicejet,MAA,BLR,2026-04-19 12:46:41.703,2026-04-19 16:50:41.703,04:04:00,4.07,0 days 04:04:00,4.066666666666666,-0.0033333333333338544
AI182,Air India,HYD,DEL,2026-04-19 12:41:41.703,2026-04-19 17:14:41.703,04:33:00,4.55,0 days 04:33:00,4.55,0.0
AI190,Air India,BOM,CCU,2026-04-19 12:38:41.703,2026-04-19 15:56:41.703,03:18:00,3.3,0 days 03:18:00,3.3,0.0
AI120,Air India,MAA,CCU,2026-04-19 12:12:41.702,2026-04-19 14:18:41.702,02:06:00,2.1,0 days 02:06:00,2.1,0.0
6F132,Indigo,MAA,BOM,2026-04-19 12:00:41.702,2026-04-19 13:00:42.000,01:00:00.298000,1.0,0 days 01:00:00.298000,1.0000827777777777,8.277777777765394e-05
UK102,Vistara,HYD,CCU,2026-04-19 11:58:41.702,2026-04-19 14:01:41.702,02:03:00,2.05,0 days 02:03:00,2.05,0.0
AI045,Air India,HYD,MAA,2026-04-19 11:58:41.701,2026-04-19 14:37:41.701,02:39:00,2.65,0 days 02:39:00,2.65,0.0
UK136,Vistara,HYD,CCU,2026-04-19 11:43:41.703,2026-04-19 15:26:41.703,03:43:00,3.72,0 days 03:43:00,3.716666666666667,-0.0033333333333334103
SJ238,Spicejet,MAA,BLR,2026-04-19 11:41:41.704,2026-04-19 15:39:41.704,03:58:00,3.97,0 days 03:58:00,3.966666666666667,-0.0033333333333334103
AI193,Air India,MAA,HYD,2026-04-19 11:33:41.703,2026-04-19 16:07:41.703,04:34:00,4.57,0 days 04:34:00,4.566666666666666,-0.0033333333333338544
6F001,Indigo,HYD,BOM,2026-04-19 11:33:41.700,2026-04-19 13:08:41.700,01:35:00,1.58,0 days 01:35:00,1.5833333333333333,0.0033333333333331883
6F211,Indigo,MAA,BLR,2026-04-19 11:29:41.703,2026-04-19 16:20:41.703,04:51:00,4.85,0 days 04:51:00,4.85,0.0
SJ199,Spicejet,HYD,BOM,2026-04-19 11:29:41.703,2026-04-19 13:59:41.703,02:30:00,2.5,0 days 02:30:00,2.5,0.0
SJ050,Spicejet,HYD,CCU,2026-04-19 11:24:41.701,2026-04-19 12:03:41.701,00:39:00,0.65,0 days 00:39:00,0.65,0.0
UK115,Vistara,BLR,BOM,2026-04-19 11:20:41.702,2026-04-19 13:20:42.000,02:00:00.298000,2.0,0 days 02:00:00.298000,2.0000827777777777,8.277777777765394e-05
AI037,UNKNOWN,BOM,BLR,2026-04-19 11:14:41.701,2026-04-19 15:13:41.701,03:59:00,3.98,0 days 03:59:00,3.9833333333333334,0.0033333333333334103
6F235,Indigo,HYD,MAA,2026-04-19 11:06:41.704,2026-04-19 13:51:41.704,02:45:00,2.75,0 days 02:45:00,2.75,0.0
UK111,Vistara,MAA,BLR,2026-04-19 11:06:41.702,2026-04-19 12:20:41.702,01:14:00,1.23,0 days 01:14:00,1.2333333333333334,0.0033333333333334103
6F005,Indigo,BOM,MAA,2026-04-19 11:04:41.701,2026-04-19 15:27:41.701,04:23:00,4.38,0 days 04:23:00,4.383333333333334,0.0033333333333338544
AI198,Air India,CCU,MAA,2026-04-19 10:56:41.703,2026-04-19 14:19:41.703,03:23:00,3.38,0 days 03:23:00,3.3833333333333333,0.0033333333333334103
UK184,Vistara,MAA,HYD,2026-04-19 10:49:41.703,2026-04-19 13:00:41.703,02:11:00,2.18,0 days 02:11:00,2.183333333333333,0.0033333333333329662
6F219,Indigo,MAA,DEL,2026-04-19 10:32:41.704,2026-04-19 14:37:41.704,04:05:00,4.08,0 days 04:05:00,4.083333333333333,0.0033333333333329662
UK066,Vistara,BOM,CCU,2026-04-19 10:29:41.701,2026-04-19 12:07:41.701,01:38:00,1.63,0 days 01:38:00,1.6333333333333333,0.0033333333333334103
6F220,Indigo,HYD,BOM,2026-04-19 10:27:41.704,2026-04-19 11:25:41.704,00:58:00,0.97,0 days 00:58:00,0.9666666666666667,-0.0033333333333332993
AI180,Air India,BOM,CCU,2026-04-19 10:19:41.703,2026-04-19 11:00:41.703,00:41:00,0.68,0 days 00:41:00,0.6833333333333333,0.0033333333333332993
6F098,Indigo,BLR,MAA,2026-04-19 10:18:41.702,2026-04-19 12:49:41.702,02:31:00,2.52,0 days 02:31:00,2.5166666666666666,-0.0033333333333334103
AI141,Air India,BLR,DEL,2026-04-19 10:16:41.702,2026-04-19 14:53:41.702,04:37:00,4.62,0 days 04:37:00,4.616666666666666,-0.0033333333333338544
SJ170,Spicejet,BLR,BOM,2026-04-19 10:11:41.703,2026-04-19 11:56:41.703,01:45:00,1.75,0 days 01:45:00,1.75,0.0
SJ178,Spicejet,BOM,HYD,2026-04-19 09:58:41.703,2026-04-19 12:27:41.703,02:29:00,2.48,0 days 02:29:00,2.4833333333333334,0.0033333333333334103
6F172,Indigo,BOM,BLR,2026-04-19 09:53:41.703,2026-04-19 14:46:41.703,04:53:00,4.88,0 days 04:53:00,4.883333333333334,0.0033333333333338544
UK220,Vistara,BLR,BOM,2026-04-19 09:51:41.704,2026-04-19 13:25:41.704,03:34:00,3.57,0 days 03:34:00,3.566666666666667,-0.0033333333333329662
SJ148,Spicejet,DEL,BLR,2026-04-19 09:51:41.702,2026-04-19 13:41:41.702,03:50:00,3.83,0 days 03:50:00,3.8333333333333335,0.0033333333333334103
UK065,Vistara,BOM,CCU,2026-04-19 09:38:41.701,2026-04-19 13:46:41.701,04:08:00,4.13,0 days 04:08:00,4.133333333333334,0.0033333333333338544
6F243,Indigo,BOM,HYD,2026-04-19 09:37:41.704,2026-04-19 10:33:41.704,00:56:00,0.93,0 days 00:56:00,0.9333333333333333,0.0033333333333332993
SJ193,Spicejet,CCU,DEL,2026-04-19 09:37:41.703,2026-04-19 12:16:41.703,02:39:00,2.65,0 days 02:39:00,2.65,0.0
UK056,Vistara,HYD,MAA,2026-04-19 09:29:41.701,2026-04-19 10:15:41.701,00:46:00,0.77,0 days 00:46:00,0.7666666666666667,-0.0033333333333332993
AI219,UNKNOWN,BLR,DEL,2026-04-19 09:28:41.703,2026-04-19 11:27:41.703,01:59:00,1.98,0 days 01:59:00,1.9833333333333334,0.0033333333333334103
SJ073,Spicejet,CCU,BLR,2026-04-19 09:26:41.701,2026-04-19 11:14:41.701,01:48:00,1.8,0 days 01:48:00,1.8,0.0
6F052,Indigo,BOM,CCU,2026-04-19 09:13:41.701,2026-04-19 12:02:41.701,02:49:00,2.82,0 days 02:49:00,2.816666666666667,-0.0033333333333329662
SJ201,Spicejet,BLR,DEL,2026-04-19 09:10:41.703,2026-04-19 11:12:41.703,02:02:00,2.03,0 days 02:02:00,2.033333333333333,0.0033333333333334103
UK028,Vistara,HYD,MAA,2026-04-19 09:02:41.701,2026-04-19 10:37:41.701,01:35:00,1.58,0 days 01:35:00,1.5833333333333333,0.0033333333333331883
SJ119,Spicejet,BOM,CCU,2026-04-19 08:53:41.702,2026-04-19 11:29:41.702,02:36:00,2.6,0 days 02:36:00,2.6,0.0
AI165,Air India,DEL,CCU,2026-04-19 08:51:41.703,2026-04-19 10:31:41.703,01:40:00,1.67,0 days 01:40:00,1.6666666666666667,-0.0033333333333331883
AI255,Air India,MAA,CCU,2026-04-19 08:45:41.704,2026-04-19 13:12:41.704,04:27:00,4.45,0 days 04:27:00,4.45,0.0
AI202,Air India,HYD,BLR,2026-04-19 08:44:41.703,2026-04-19 10:53:41.703,02:09:00,2.15,0 days 02:09:00,2.15,0.0
SJ039,Spicejet,MAA,BOM,2026-04-19 08:41:41.701,2026-04-19 12:08:41.701,03:27:00,3.45,0 days 03:27:00,3.45,0.0
SJ051,UNKNOWN,BOM,BLR,2026-04-19 08:40:41.701,2026-04-19 12:18:41.701,03:38:00,3.63,0 days 03:38:00,3.6333333333333333,0.0033333333333334103
UK024,Vistara,MAA,BLR,2026-04-19 08:29:41.701,2026-04-19 13:29:41.701,05:00:00,5.0,0 days 05:00:00,5.0,0.0
SJ006,Spicejet,HYD,BLR,2026-04-19 08:25:41.701,2026-04-19 08:57:41.701,00:32:00,0.53,0 days 00:32:00,0.5333333333333333,0.0033333333333332993
AI207,Air India,BOM,MAA,2026-04-19 08:24:41.703,2026-04-19 11:23:41.703,02:59:00,2.98,0 days 02:59:00,2.9833333333333334,0.0033333333333334103
SJ168,Spicejet,CCU,BOM,2026-04-19 08:17:41.703,2026-04-19 12:29:41.703,04:12:00,4.2,0 days 04:12:00,4.2,0.0
AI028,Air India,HYD,BOM,2026-04-19 07:53:41.701,2026-04-19 08:35:41.701,00:42:00,0.7,0 days 00:42:00,0.7,0.0
6F094,Indigo,BLR,BOM,2026-04-19 07:37:41.702,2026-04-19 09:06:41.702,01:29:00,1.48,0 days 01:29:00,1.4833333333333334,0.0033333333333334103
6F024,Indigo,BOM,DEL,2026-04-19 07:31:41.701,2026-04-19 11:17:41.701,03:46:00,3.77,0 days 03:46:00,3.7666666666666666,-0.0033333333333334103
6F061,Indigo,MAA,BOM,2026-04-19 07:28:41.701,2026-04-19 08:09:41.701,00:41:00,0.68,0 days 00:41:00,0.6833333333333333,0.0033333333333332993
AI032,Air India,MAA,BLR,2026-04-19 07:26:41.701,2026-04-19 09:26:42.000,02:00:00.299000,2.0,0 days 02:00:00.299000,2.0000830555555558,8.30555555557666e-05
UK163,Vistara,DEL,HYD,2026-04-19 07:22:41.703,2026-04-19 09:04:41.703,01:42:00,1.7,0 days 01:42:00,1.7,0.0
SJ067,Spicejet,MAA,BLR,2026-04-19 07:17:41.701,2026-04-19 08:16:41.701,00:59:00,0.98,0 days 00:59:00,0.9833333333333333,0.0033333333333332993
SJ106,Spicejet,CCU,DEL,2026-04-19 07:16:41.702,2026-04-19 09:40:41.702,02:24:00,2.4,0 days 02:24:00,2.4,0.0
AI086,Air India,CCU,HYD,2026-04-19 07:13:41.702,2026-04-19 10:09:41.702,02:56:00,2.93,0 days 02:56:00,2.933333333333333,0.0033333333333329662
6F263,Unknown,DEL,HYD,2026-04-19 07:07:41.703,2026-04-19 08:30:41.703,01:23:00,1.38,0 days 01:23:00,1.3833333333333333,0.0033333333333334103
6F163,Indigo,MAA,BOM,2026-04-19 06:49:41.703,2026-04-19 10:46:41.703,03:57:00,3.95,0 days 03:57:00,3.95,0.0
SJ064,Spicejet,CCU,DEL,2026-04-19 06:29:41.701,2026-04-19 08:43:41.701,02:14:00,2.23,0 days 02:14:00,2.2333333333333334,0.0033333333333334103
UK118,Vistara,HYD,BLR,2026-04-19 06:22:41.702,2026-04-19 07:22:42.000,01:00:00.298000,1.0,0 days 01:00:00.298000,1.0000827777777777,8.277777777765394e-05
UK022,Vistara,DEL,HYD,2026-04-19 06:22:41.701,2026-04-19 10:59:41.701,04:37:00,4.62,0 days 04:37:00,4.616666666666666,-0.0033333333333338544
UK099,Vistara,BOM,MAA,2026-04-19 06:16:41.702,2026-04-19 10:24:41.702,04:08:00,4.13,0 days 04:08:00,4.133333333333334,0.0033333333333338544
6F212,Indigo,BLR,CCU,2026-04-19 06:10:41.703,2026-04-19 10:52:41.703,04:42:00,4.7,0 days 04:42:00,4.7,0.0
AI023,Air India,HYD,BLR,2026-04-19 06:10:41.701,2026-04-19 09:35:41.701,03:25:00,3.42,0 days 03:25:00,3.4166666666666665,-0.0033333333333334103
SJ245,Spicejet,BOM,DEL,2026-04-19 06:07:41.704,2026-04-19 09:39:41.704,03:32:00,3.53,0 days 03:32:00,3.533333333333333,0.0033333333333334103
6F066,Indigo,BLR,HYD,2026-04-19 06:07:41.701,2026-04-19 07:43:41.701,01:36:00,1.6,0 days 01:36:00,1.6,0.0
AI138,Air India,DEL,CCU,2026-04-19 05:50:41.702,2026-04-19 06:40:41.702,00:50:00,0.83,0 days 00:50:00,0.8333333333333334,0.0033333333333334103
SJ021,Spicejet,HYD,BLR,2026-04-19 05:48:41.701,2026-04-19 09:46:41.701,03:58:00,3.97,0 days 03:58:00,3.966666666666667,-0.0033333333333334103
SJ136,Spicejet,HYD,BLR,2026-04-19 05:45:41.702,2026-04-19 08:04:41.702,02:19:00,2.32,0 days 02:19:00,2.316666666666667,-0.0033333333333329662
AI148,Air India,HYD,MAA,2026-04-19 05:41:41.703,2026-04-19 08:32:41.703,02:51:00,2.85,0 days 02:51:00,2.85,0.0
SJ014,Spicejet,BOM,HYD,2026-04-19 05:40:41.701,2026-04-19 06:39:41.701,00:59:00,0.98,0 days 00:59:00,0.9833333333333333,0.0033333333333332993
6F104,Indigo,CCU,BOM,2026-04-19 05:39:41.702,2026-04-19 06:14:41.702,00:35:00,0.58,0 days 00:35:00,0.5833333333333334,0.0033333333333334103
SJ121,Spicejet,CCU,DEL,2026-04-19 05:32:41.702,2026-04-19 06:47:41.702,01:15:00,1.25,0 days 01:15:00,1.25,0.0
UK174,Vistara,CCU,DEL,2026-04-19 05:27:41.703,2026-04-19 07:47:41.703,02:20:00,2.33,0 days 02:20:00,2.3333333333333335,0.0033333333333334103
AI033,Air India,MAA,CCU,2026-04-19 05:25:41.701,2026-04-19 10:21:41.701,04:56:00,4.93,0 days 04:56:00,4.933333333333334,0.0033333333333338544
SJ122,Spicejet,CCU,BOM,2026-04-19 05:22:41.702,2026-04-19 10:09:41.702,04:47:00,4.78,0 days 04:47:00,4.783333333333333,0.0033333333333329662
UK095,Vistara,BOM,MAA,2026-04-19 05:22:41.702,2026-04-19 07:36:41.702,02:14:00,2.23,0 days 02:14:00,2.2333333333333334,0.0033333333333334103
SJ026,Spicejet,CCU,MAA,2026-04-19 05:22:41.701,2026-04-19 09:40:41.701,04:18:00,4.3,0 days 04:18:00,4.3,0.0
6F221,Indigo,MAA,DEL,2026-04-19 05:20:41.704,2026-04-19 08:52:41.704,03:32:00,3.53,0 days 03:32:00,3.533333333333333,0.0033333333333334103
SJ103,Spicejet,MAA,BLR,2026-04-19 05:16:41.702,2026-04-19 08:56:41.702,03:40:00,3.67,0 days 03:40:00,3.6666666666666665,-0.0033333333333334103
SJ011,Spicejet,BOM,MAA,2026-04-19 05:14:41.701,2026-04-19 09:59:41.701,04:45:00,4.75,0 days 04:45:00,4.75,0.0
AI002,Air India,HYD,BLR,2026-04-19 05:12:41.700,2026-04-19 07:12:41.700,02:00:00,2.0,0 days 02:00:00,2.0,0.0
AI046,Unknown,DEL,BOM,2026-04-19 05:09:41.701,2026-04-19 08:00:41.701,02:51:00,2.85,0 days 02:51:00,2.85,0.0
SJ053,Spicejet,CCU,DEL,2026-04-19 05:00:41.701,2026-04-19 06:38:41.701,01:38:00,1.63,0 days 01:38:00,1.6333333333333333,0.0033333333333334103
AI236,Air India,DEL,BOM,2026-04-19 04:52:41.704,2026-04-19 09:11:41.704,04:19:00,4.32,0 days 04:19:00,4.316666666666666,-0.0033333333333338544
AI254,Air India,CCU,HYD,2026-04-19 04:46:41.704,2026-04-19 08:06:41.704,03:20:00,3.33,0 days 03:20:00,3.3333333333333335,0.0033333333333334103
6F063,Indigo,DEL,HYD,2026-04-19 04:42:41.701,2026-04-19 07:31:41.701,02:49:00,2.82,0 days 02:49:00,2.816666666666667,-0.0033333333333329662
6F115,Indigo,MAA,BLR,2026-04-19 04:41:41.702,2026-04-19 06:23:41.702,01:42:00,1.7,0 days 01:42:00,1.7,0.0
UK070,Vistara,BOM,DEL,2026-04-19 04:36:41.701,2026-04-19 06:49:41.701,02:13:00,2.22,0 days 02:13:00,2.216666666666667,-0.0033333333333334103
SJ147,Spicejet,BLR,CCU,2026-04-19 04:30:41.702,2026-04-19 08:52:41.702,04:22:00,4.37,0 days 04:22:00,4.366666666666666,-0.0033333333333338544
UK201,Vistara,HYD,BOM,2026-04-19 04:29:41.703,2026-04-19 06:42:41.703,02:13:00,2.22,0 days 02:13:00,2.216666666666667,-0.0033333333333334103
SJ234,Spicejet,BLR,CCU,2026-04-19 04:20:41.704,2026-04-19 06:23:41.704,02:03:00,2.05,0 days 02:03:00,2.05,0.0
AI176,Air India,BLR,DEL,2026-04-19 04:20:41.703,2026-04-19 06:25:41.703,02:05:00,2.08,0 days 02:05:00,2.0833333333333335,0.0033333333333334103
SJ045,Spicejet,DEL,MAA,2026-04-19 04:16:41.701,2026-04-19 09:03:41.701,04:47:00,4.78,0 days 04:47:00,4.783333333333333,0.0033333333333329662
SJ174,Spicejet,CCU,DEL,2026-04-19 04:09:41.703,2026-04-19 05:04:41.703,00:55:00,0.92,0 days 00:55:00,0.9166666666666666,-0.0033333333333334103
AI007,Air India,MAA,DEL,2026-04-19 04:01:41.701,2026-04-19 06:01:42.000,02:00:00.299000,2.0,0 days 02:00:00.299000,2.0000830555555558,8.30555555557666e-05
AI143,Air India,CCU,DEL,2026-04-19 03:58:41.702,2026-04-19 04:36:41.702,00:38:00,0.63,0 days 00:38:00,0.6333333333333333,0.0033333333333332993
SJ241,Spicejet,DEL,HYD,2026-04-19 03:57:41.704,2026-04-19 06:36:41.704,02:39:00,2.65,0 days 02:39:00,2.65,0.0
AI020,UNKNOWN,BOM,BLR,2026-04-19 03:53:41.701,2026-04-19 06:21:41.701,02:28:00,2.47,0 days 02:28:00,2.466666666666667,-0.0033333333333334103
UK031,Vistara,CCU,DEL,2026-04-19 03:45:41.701,2026-04-19 07:20:41.701,03:35:00,3.58,0 days 03:35:00,3.5833333333333335,0.0033333333333334103
AI013,Air India,HYD,BLR,2026-04-19 03:41:41.701,2026-04-19 04:58:41.701,01:17:00,1.28,0 days 01:17:00,1.2833333333333334,0.0033333333333334103
AI249,Air India,BLR,HYD,2026-04-19 03:38:41.704,2026-04-19 06:27:41.704,02:49:00,2.82,0 days 02:49:00,2.816666666666667,-0.0033333333333329662
UK046,Vistara,CCU,DEL,2026-04-19 03:37:41.701,2026-04-19 06:05:41.701,02:28:00,2.47,0 days 02:28:00,2.466666666666667,-0.0033333333333334103
UK168,Vistara,BLR,CCU,2026-04-19 03:20:41.703,2026-04-19 04:09:41.703,00:49:00,0.82,0 days 00:49:00,0.8166666666666667,-0.0033333333333332993
AI022,Air India,BOM,MAA,2026-04-19 03:15:41.701,2026-04-19 05:10:41.701,01:55:00,1.92,0 days 01:55:00,1.9166666666666667,-0.0033333333333331883
UK218,Vistara,MAA,BLR,2026-04-19 03:12:41.704,2026-04-19 07:22:41.704,04:10:00,4.17,0 days 04:10:00,4.166666666666667,-0.0033333333333329662
UK142,Vistara,BLR,DEL,2026-04-19 03:03:41.703,2026-04-19 07:13:41.703,04:10:00,4.17,0 days 04:10:00,4.166666666666667,-0.0033333333333329662
6F067,Indigo,MAA,BLR,2026-04-19 02:59:41.701,2026-04-19 06:02:41.701,03:03:00,3.05,0 days 03:03:00,3.05,0.0
SJ217,Spicejet,BOM,CCU,2026-04-19 02:57:41.703,2026-04-19 06:04:41.703,03:07:00,3.12,0 days 03:07:00,3.1166666666666667,-0.0033333333333334103
SJ143,Spicejet,DEL,BOM,2026-04-19 02:55:41.702,2026-04-19 03:52:41.702,00:57:00,0.95,0 days 00:57:00,0.95,0.0
AI243,UNKNOWN,BLR,BOM,2026-04-19 02:50:41.704,2026-04-19 05:09:41.704,02:19:00,2.32,0 days 02:19:00,2.316666666666667,-0.0033333333333329662
SJ246,Spicejet,BOM,DEL,2026-04-19 02:47:41.704,2026-04-19 03:47:42.000,01:00:00.296000,1.0,0 days 01:00:00.296000,1.000082222222222,8.222222222209474e-05
6F170,Indigo,HYD,DEL,2026-04-19 02:44:41.703,2026-04-19 04:14:41.703,01:30:00,1.5,0 days 01:30:00,1.5,0.0
UK157,Vistara,CCU,BOM,2026-04-19 02:41:41.703,2026-04-19 03:41:42.000,01:00:00.297000,1.0,0 days 01:00:00.297000,1.0000825,8.249999999998536e-05
UK172,Vistara,DEL,BOM,2026-04-19 02:20:41.703,2026-04-19 05:21:41.703,03:01:00,3.02,0 days 03:01:00,3.0166666666666666,-0.0033333333333334103
SJ139,Spicejet,DEL,BLR,2026-04-19 02:20:41.702,2026-04-19 06:02:41.702,03:42:00,3.7,0 days 03:42:00,3.7,0.0
UK085,Vistara,MAA,DEL,2026-04-19 02:15:41.702,2026-04-19 03:17:41.702,01:02:00,1.03,0 days 01:02:00,1.0333333333333334,0.0033333333333334103
6F079,Indigo,MAA,HYD,2026-04-19 02:14:41.702,2026-04-19 06:18:41.702,04:04:00,4.07,0 days 04:04:00,4.066666666666666,-0.0033333333333338544
SJ032,Spicejet,MAA,BOM,2026-04-19 02:11:41.701,2026-04-19 04:33:41.701,02:22:00,2.37,0 days 02:22:00,2.3666666666666667,-0.0033333333333334103
6F182,Indigo,BOM,CCU,2026-04-19 02:10:41.703,2026-04-19 04:18:41.703,02:08:00,2.13,0 days 02:08:00,2.1333333333333333,0.0033333333333334103
AI106,Air India,HYD,BLR,2026-04-19 02:07:41.702,2026-04-19 03:20:41.702,01:13:00,1.22,0 days 01:13:00,1.2166666666666666,-0.0033333333333334103
AI200,Air India,HYD,MAA,2026-04-19 02:05:41.703,2026-04-19 05:29:41.703,03:24:00,3.4,0 days 03:24:00,3.4,0.0
6F142,Indigo,CCU,MAA,2026-04-19 02:05:41.702,2026-04-19 06:04:41.702,03:59:00,3.98,0 days 03:59:00,3.9833333333333334,0.0033333333333334103
SJ079,Spicejet,HYD,DEL,2026-04-19 01:58:41.702,2026-04-19 05:02:41.702,03:04:00,3.07,0 days 03:04:00,3.066666666666667,-0.0033333333333329662
SJ082,Spicejet,BOM,DEL,2026-04-19 01:54:41.702,2026-04-19 02:33:41.702,00:39:00,0.65,0 days 00:39:00,0.65,0.0
SJ110,Spicejet,CCU,DEL,2026-04-19 01:47:41.702,2026-04-19 02:20:41.702,00:33:00,0.55,0 days 00:33:00,0.55,0.0
6F262,Unknown,MAA,DEL,2026-04-19 01:44:41.702,2026-04-19 02:47:41.702,01:03:00,1.05,0 days 01:03:00,1.05,0.0
UK143,Vistara,BLR,BOM,2026-04-19 01:34:41.703,2026-04-19 02:48:41.703,01:14:00,1.23,0 days 01:14:00,1.2333333333333334,0.0033333333333334103
6F269,Unknown,HYD,MAA,2026-04-19 01:30:41.702,2026-04-19 02:52:41.702,01:22:00,1.37,0 days 01:22:00,1.3666666666666667,-0.0033333333333334103
6F214,Indigo,BOM,CCU,2026-04-19 01:21:41.703,2026-04-19 05:20:41.703,03:59:00,3.98,0 days 03:59:00,3.9833333333333334,0.0033333333333334103
SJ213,Spicejet,BOM,CCU,2026-04-19 01:19:41.703,2026-04-19 04:48:41.703,03:29:00,3.48,0 days 03:29:00,3.4833333333333334,0.0033333333333334103
SJ072,Spicejet,DEL,HYD,2026-04-19 01:18:41.701,2026-04-19 04:08:41.701,02:50:00,2.83,0 days 02:50:00,2.8333333333333335,0.0033333333333334103
6F059,Indigo,BOM,DEL,2026-04-19 01:12:41.701,2026-04-19 06:02:41.701,04:50:00,4.83,0 days 04:50:00,4.833333333333333,0.0033333333333329662
UK202,Vistara,DEL,HYD,2026-04-19 01:11:41.703,2026-04-19 05:37:41.703,04:26:00,4.43,0 days 04:26:00,4.433333333333334,0.0033333333333338544
UK037,Vistara,BLR,BOM,2026-04-19 01:10:41.701,2026-04-19 05:12:41.701,04:02:00,4.03,0 days 04:02:00,4.033333333333333,0.0033333333333329662
UK069,Vistara,CCU,DEL,2026-04-19 01:10:41.701,2026-04-19 03:23:41.701,02:13:00,2.22,0 days 02:13:00,2.216666666666667,-0.0033333333333334103
SJ118,Spicejet,DEL,BOM,2026-04-19 01:08:41.702,2026-04-19 02:33:41.702,01:25:00,1.42,0 days 01:25:00,1.4166666666666667,-0.0033333333333331883
6F145,Indigo,CCU,DEL,2026-04-19 01:02:41.703,2026-04-19 02:18:41.703,01:16:00,1.27,0 days 01:16:00,1.2666666666666666,-0.0033333333333334103
UK097,Vistara,HYD,BOM,2026-04-19 00:49:41.702,2026-04-19 05:00:41.702,04:11:00,4.18,0 days 04:11:00,4.183333333333334,0.0033333333333338544
6F117,Indigo,CCU,DEL,2026-04-19 00:46:41.702,2026-04-19 01:51:41.702,01:05:00,1.08,0 days 01:05:00,1.0833333333333333,0.0033333333333331883
6F226,Indigo,DEL,BOM,2026-04-19 00:38:41.704,2026-04-19 02:55:41.704,02:17:00,2.28,0 days 02:17:00,2.283333333333333,0.0033333333333334103
6F050,Indigo,DEL,BOM,2026-04-19 00:35:41.701,2026-04-19 04:32:41.701,03:57:00,3.95,0 days 03:57:00,3.95,0.0
UK196,Vistara,BOM,HYD,2026-04-19 00:32:41.703,2026-04-19 04:49:41.703,04:17:00,4.28,0 days 04:17:00,4.283333333333333,0.0033333333333329662
SJ086,Spicejet,CCU,DEL,2026-04-19 00:32:41.702,2026-04-19 04:17:41.702,03:45:00,3.75,0 days 03:45:00,3.75,0.0
AI134,Air India,HYD,BOM,2026-04-19 00:28:41.702,2026-04-19 04:23:41.702,03:55:00,3.92,0 days 03:55:00,3.9166666666666665,-0.0033333333333334103
AI043,Air India,CCU,DEL,2026-04-19 00:28:41.701,2026-04-19 04:37:41.701,04:09:00,4.15,0 days 04:09:00,4.15,0.0
UK119,Vistara,BOM,CCU,2026-04-19 00:21:41.702,2026-04-19 04:38:41.702,04:17:00,4.28,0 days 04:17:00,4.283333333333333,0.0033333333333329662
SJ181,Spicejet,BOM,BLR,2026-04-19 00:20:41.703,2026-04-19 01:49:41.703,01:29:00,1.48,0 days 01:29:00,1.4833333333333334,0.0033333333333334103
AI070,Air India,CCU,DEL,2026-04-19 00:05:41.702,2026-04-19 01:44:41.702,01:39:00,1.65,0 days 01:39:00,1.65,0.0
6F233,Indigo,BLR,BOM,2026-04-18 23:56:41.704,2026-04-19 03:53:41.704,03:57:00,3.95,0 days 03:57:00,3.95,0.0
UK013,Vistara,BOM,MAA,2026-04-18 23:52:41.701,2026-04-19 02:52:41.701,03:00:00,3.0,0 days 03:00:00,3.0,0.0
6F015,Indigo,BOM,CCU,2026-04-18 23:39:41.701,2026-04-19 02:27:41.701,02:48:00,2.8,0 days 02:48:00,2.8,0.0
SJ247,Spicejet,DEL,BOM,2026-04-18 23:38:41.704,2026-04-19 03:43:41.704,04:05:00,4.08,0 days 04:05:00,4.083333333333333,0.0033333333333329662
AI067,Air India,HYD,DEL,2026-04-18 23:36:41.701,2026-04-19 03:09:41.701,03:33:00,3.55,0 days 03:33:00,3.55,0.0
AI211,Air India,DEL,CCU,2026-04-18 23:34:41.703,2026-04-19 01:21:41.703,01:47:00,1.78,0 days 01:47:00,1.7833333333333334,0.0033333333333334103
UK029,Vistara,DEL,BOM,2026-04-18 23:26:41.701,2026-04-19 02:15:41.701,02:49:00,2.82,0 days 02:49:00,2.816666666666667,-0.0033333333333329662
SJ200,Spicejet,BOM,DEL,2026-04-18 23:24:41.703,2026-04-19 02:11:41.703,02:47:00,2.78,0 days 02:47:00,2.783333333333333,0.0033333333333334103
6F087,Indigo,DEL,HYD,2026-04-18 23:24:41.702,2026-04-19 03:10:41.702,03:46:00,3.77,0 days 03:46:00,3.7666666666666666,-0.0033333333333334103
SJ210,Spicejet,HYD,CCU,2026-04-18 23:21:41.703,2026-04-19 02:54:41.703,03:33:00,3.55,0 days 03:33:00,3.55,0.0
AI101,Air India,DEL,BLR,2026-04-18 23:20:41.702,2026-04-19 02:23:41.702,03:03:00,3.05,0 days 03:03:00,3.05,0.0
UK075,Vistara,MAA,CCU,2026-04-18 23:15:41.702,2026-04-19 03:54:41.702,04:39:00,4.65,0 days 04:39:00,4.65,0.0
SJ091,Spicejet,BLR,CCU,2026-04-18 23:10:41.702,2026-04-19 00:47:41.702,01:37:00,1.62,0 days 01:37:00,1.6166666666666667,-0.0033333333333334103
AI251,Air India,MAA,DEL,2026-04-18 22:40:41.704,2026-04-18 23:24:41.704,00:44:00,0.73,0 days 00:44:00,0.7333333333333333,0.0033333333333332993
SJ042,Spicejet,HYD,CCU,2026-04-18 22:38:41.701,2026-04-19 02:20:41.701,03:42:00,3.7,0 days 03:42:00,3.7,0.0
UK126,Vistara,CCU,DEL,2026-04-18 22:37:41.702,2026-04-19 00:03:41.702,01:26:00,1.43,0 days 01:26:00,1.4333333333333333,0.0033333333333334103
6F042,Indigo,HYD,DEL,2026-04-18 22:35:41.701,2026-04-19 02:41:41.701,04:06:00,4.1,0 days 04:06:00,4.1,0.0
AI116,Air India,CCU,BOM,2026-04-18 22:30:41.702,2026-04-19 01:57:41.702,03:27:00,3.45,0 days 03:27:00,3.45,0.0
SJ209,Spicejet,BLR,BOM,2026-04-18 22:22:41.703,2026-04-19 02:03:41.703,03:41:00,3.68,0 days 03:41:00,3.683333333333333,0.0033333333333329662
AI123,Air India,MAA,BOM,2026-04-18 22:19:41.702,2026-04-19 00:45:41.702,02:26:00,2.43,0 days 02:26:00,2.433333333333333,0.0033333333333329662
6F016,Indigo,HYD,BOM,2026-04-18 22:18:41.701,2026-04-18 22:54:41.701,00:36:00,0.6,0 days 00:36:00,0.6,0.0
UK012,Vistara,MAA,BOM,2026-04-18 22:16:41.701,2026-04-19 00:25:41.701,02:09:00,2.15,0 days 02:09:00,2.15,0.0
SJ188,Spicejet,BLR,BOM,2026-04-18 22:15:41.703,2026-04-18 22:55:41.703,00:40:00,0.67,0 days 00:40:00,0.6666666666666666,-0.0033333333333334103
UK096,Vistara,BLR,HYD,2026-04-18 22:11:41.702,2026-04-19 00:06:41.702,01:55:00,1.92,0 days 01:55:00,1.9166666666666667,-0.0033333333333331883
SJ046,Spicejet,BOM,MAA,2026-04-18 22:01:41.701,2026-04-19 01:25:41.701,03:24:00,3.4,0 days 03:24:00,3.4,0.0
UK081,UNKNOWN,BLR,DEL,2026-04-18 22:00:41.702,2026-04-18 23:00:41.702,01:00:00,1.0,0 days 01:00:00,1.0,0.0
UK191,Vistara,MAA,BLR,2026-04-18 21:51:41.703,2026-04-18 22:57:41.703,01:06:00,1.1,0 days 01:06:00,1.1,0.0
6F064,Indigo,CCU,DEL,2026-04-18 21:45:41.701,2026-04-18 22:50:41.701,01:05:00,1.08,0 days 01:05:00,1.0833333333333333,0.0033333333333331883
AI005,Air India,DEL,CCU,2026-04-18 21:24:41.701,2026-04-18 22:11:41.701,00:47:00,0.78,0 days 00:47:00,0.7833333333333333,0.0033333333333332993
6F021,Indigo,BLR,MAA,2026-04-18 21:23:41.701,2026-04-19 01:25:41.701,04:02:00,4.03,0 days 04:02:00,4.033333333333333,0.0033333333333329662
AI169,Air India,CCU,DEL,2026-04-18 21:21:41.703,2026-04-19 01:34:41.703,04:13:00,4.22,0 days 04:13:00,4.216666666666667,-0.0033333333333329662
UK035,Vistara,HYD,BOM,2026-04-18 21:08:41.701,2026-04-18 22:24:41.701,01:16:00,1.27,0 days 01:16:00,1.2666666666666666,-0.0033333333333334103
AI040,Air India,HYD,BLR,2026-04-18 21:01:41.701,2026-04-18 22:42:41.701,01:41:00,1.68,0 days 01:41:00,1.6833333333333333,0.0033333333333334103
UK042,Vistara,MAA,BOM,2026-04-18 20:59:41.701,2026-04-19 01:38:41.701,04:39:00,4.65,0 days 04:39:00,4.65,0.0
SJ171,Spicejet,DEL,HYD,2026-04-18 20:52:41.703,2026-04-18 23:52:41.703,03:00:00,3.0,0 days 03:00:00,3.0,0.0
AI250,Unknown,BOM,CCU,2026-04-18 20:48:41.704,2026-04-19 00:12:41.704,03:24:00,3.4,0 days 03:24:00,3.4,0.0
SJ195,Spicejet,BOM,CCU,2026-04-18 20:41:41.703,2026-04-18 23:54:41.703,03:13:00,3.22,0 days 03:13:00,3.216666666666667,-0.0033333333333334103
UK211,Vistara,MAA,CCU,2026-04-18 20:39:41.704,2026-04-18 22:02:41.704,01:23:00,1.38,0 days 01:23:00,1.3833333333333333,0.0033333333333334103
UK122,Vistara,HYD,CCU,2026-04-18 20:29:42.000,2026-04-18 23:29:42.000,03:00:00,3.0,0 days 03:00:00,3.0,0.0
AI136,Air India,BLR,DEL,2026-04-18 20:29:41.702,2026-04-18 23:48:41.702,03:19:00,3.32,0 days 03:19:00,3.316666666666667,-0.0033333333333329662
6F141,Indigo,BOM,CCU,2026-04-18 20:26:41.702,2026-04-18 22:28:41.702,02:02:00,2.03,0 days 02:02:00,2.033333333333333,0.0033333333333334103
6F053,Indigo,DEL,HYD,2026-04-18 20:26:41.701,2026-04-19 00:39:41.701,04:13:00,4.22,0 days 04:13:00,4.216666666666667,-0.0033333333333329662
6F136,Indigo,CCU,DEL,2026-04-18 20:24:41.702,2026-04-18 21:01:41.702,00:37:00,0.62,0 days 00:37:00,0.6166666666666667,-0.0033333333333332993
6F009,Indigo,BLR,CCU,2026-04-18 20:21:41.701,2026-04-18 23:36:41.701,03:15:00,3.25,0 days 03:15:00,3.25,0.0
6F023,Indigo,MAA,BLR,2026-04-18 20:18:41.701,2026-04-19 00:14:41.701,03:56:00,3.93,0 days 03:56:00,3.933333333333333,0.0033333333333329662
UK006,Vistara,MAA,CCU,2026-04-18 20:16:41.701,2026-04-18 21:55:41.701,01:39:00,1.65,0 days 01:39:00,1.65,0.0
SJ165,Spicejet,CCU,BOM,2026-04-18 20:08:41.703,2026-04-18 23:18:41.703,03:10:00,3.17,0 days 03:10:00,3.1666666666666665,-0.0033333333333334103
6F189,Indigo,MAA,BLR,2026-04-18 20:08:41.703,2026-04-18 21:51:41.703,01:43:00,1.72,0 days 01:43:00,1.7166666666666666,-0.0033333333333334103
AI131,Air India,MAA,BOM,2026-04-18 19:55:41.702,2026-04-18 22:35:41.702,02:40:00,2.67,0 days 02:40:00,2.6666666666666665,-0.0033333333333334103
6F004,Indigo,BOM,CCU,2026-04-18 19:53:41.701,2026-04-18 23:33:41.701,03:40:00,3.67,0 days 03:40:00,3.6666666666666665,-0.0033333333333334103
AI027,Air India,BOM,MAA,2026-04-18 19:41:41.701,2026-04-18 23:23:41.701,03:42:00,3.7,0 days 03:42:00,3.7,0.0
AI238,Air India,CCU,MAA,2026-04-18 19:25:41.704,2026-04-19 00:07:41.704,04:42:00,4.7,0 days 04:42:00,4.7,0.0
SJ105,Spicejet,BOM,HYD,2026-04-18 19:22:41.702,2026-04-18 22:48:41.702,03:26:00,3.43,0 days 03:26:00,3.433333333333333,0.0033333333333329662
UK088,UNKNOWN,MAA,BLR,2026-04-18 19:16:41.702,2026-04-18 23:36:41.702,04:20:00,4.33,0 days 04:20:00,4.333333333333333,0.0033333333333329662
6F035,Indigo,CCU,HYD,2026-04-18 19:16:41.701,2026-04-18 23:40:41.701,04:24:00,4.4,0 days 04:24:00,4.4,0.0
AI133,Air India,DEL,CCU,2026-04-18 19:12:41.702,2026-04-18 21:32:41.702,02:20:00,2.33,0 days 02:20:00,2.3333333333333335,0.0033333333333334103
AI001,Air India,DEL,HYD,2026-04-18 19:00:41.700,2026-04-18 22:03:41.700,03:03:00,3.05,0 days 03:03:00,3.05,0.0
SJ133,Spicejet,BOM,CCU,2026-04-18 18:50:41.702,2026-04-18 21:29:41.702,02:39:00,2.65,0 days 02:39:00,2.65,0.0
SJ216,Spicejet,BOM,CCU,2026-04-18 18:35:41.703,2026-04-18 21:31:41.703,02:56:00,2.93,0 days 02:56:00,2.933333333333333,0.0033333333333329662
SJ225,UNKNOWN,DEL,HYD,2026-04-18 18:16:41.704,2026-04-18 20:53:41.704,02:37:00,2.62,0 days 02:37:00,2.6166666666666667,-0.0033333333333334103
AI147,Air India,HYD,CCU,2026-04-18 18:14:41.703,2026-04-18 20:10:41.703,01:56:00,1.93,0 days 01:56:00,1.9333333333333333,0.0033333333333334103
SJ054,Spicejet,MAA,BLR,2026-04-18 18:13:41.701,2026-04-18 22:46:41.701,04:33:00,4.55,0 days 04:33:00,4.55,0.0
6F197,Indigo,BOM,BLR,2026-04-18 17:59:41.703,2026-04-18 22:44:41.703,04:45:00,4.75,0 days 04:45:00,4.75,0.0
SJ066,Spicejet,HYD,CCU,2026-04-18 17:47:41.701,2026-04-18 19:03:41.701,01:16:00,1.27,0 days 01:16:00,1.2666666666666666,-0.0033333333333334103
SJ183,Spicejet,CCU,DEL,2026-04-18 17:44:41.703,2026-04-18 19:40:41.703,01:56:00,1.93,0 days 01:56:00,1.9333333333333333,0.0033333333333334103
SJ151,Spicejet,BOM,CCU,2026-04-18 17:44:41.702,2026-04-18 19:16:41.702,01:32:00,1.53,0 days 01:32:00,1.5333333333333334,0.0033333333333334103
SJ071,Spicejet,CCU,MAA,2026-04-18 17:43:41.701,2026-04-18 19:32:41.701,01:49:00,1.82,0 days 01:49:00,1.8166666666666667,-0.0033333333333334103
SJ102,Spicejet,MAA,CCU,2026-04-18 17:26:41.702,2026-04-18 18:58:41.702,01:32:00,1.53,0 days 01:32:00,1.5333333333333334,0.0033333333333334103
AI209,Air India,BLR,CCU,2026-04-18 17:25:41.703,2026-04-18 18:37:41.703,01:12:00,1.2,0 days 01:12:00,1.2,0.0
6F111,Indigo,HYD,DEL,2026-04-18 17:09:41.702,2026-04-18 20:02:41.702,02:53:00,2.88,0 days 02:53:00,2.8833333333333333,0.0033333333333334103
AI050,Air India,BLR,BOM,2026-04-18 17:07:41.701,2026-04-18 19:42:41.701,02:35:00,2.58,0 days 02:35:00,2.5833333333333335,0.0033333333333334103
SJ189,Spicejet,HYD,BLR,2026-04-18 17:05:41.703,2026-04-18 22:01:41.703,04:56:00,4.93,0 days 04:56:00,4.933333333333334,0.0033333333333338544
UK112,Unknown,CCU,DEL,2026-04-18 17:05:41.702,2026-04-18 19:47:41.702,02:42:00,2.7,0 days 02:42:00,2.7,0.0
6F171,Indigo,DEL,BLR,2026-04-18 17:03:41.703,2026-04-18 18:12:41.703,01:09:00,1.15,0 days 01:09:00,1.15,0.0
AI011,Air India,CCU,BOM,2026-04-18 16:58:41.701,2026-04-18 21:01:41.701,04:03:00,4.05,0 days 04:03:00,4.05,0.0
6F027,Indigo,BLR,DEL,2026-04-18 16:52:41.701,2026-04-18 18:21:41.701,01:29:00,1.48,0 days 01:29:00,1.4833333333333334,0.0033333333333334103
UK082,Vistara,DEL,BOM,2026-04-18 16:50:41.702,2026-04-18 21:21:41.702,04:31:00,4.52,0 days 04:31:00,4.516666666666667,-0.0033333333333329662
UK138,Vistara,DEL,BLR,2026-04-18 16:47:41.703,2026-04-18 19:36:41.703,02:49:00,2.82,0 days 02:49:00,2.816666666666667,-0.0033333333333329662
UK198,Vistara,DEL,BLR,2026-04-18 16:43:41.703,2026-04-18 18:18:41.703,01:35:00,1.58,0 days 01:35:00,1.5833333333333333,0.0033333333333331883
6F039,Indigo,MAA,CCU,2026-04-18 16:43:41.701,2026-04-18 21:01:41.701,04:18:00,4.3,0 days 04:18:00,4.3,0.0
6F157,Indigo,MAA,CCU,2026-04-18 16:37:41.703,2026-04-18 18:04:41.703,01:27:00,1.45,0 days 01:27:00,1.45,0.0
SJ024,Spicejet,DEL,MAA,2026-04-18 16:29:41.701,2026-04-18 20:21:41.701,03:52:00,3.87,0 days 03:52:00,3.8666666666666667,-0.0033333333333334103
6F167,Indigo,BLR,BOM,2026-04-18 16:26:41.703,2026-04-18 17:50:41.703,01:24:00,1.4,0 days 01:24:00,1.4,0.0
AI197,Air India,BOM,CCU,2026-04-18 16:25:41.703,2026-04-18 20:00:41.703,03:35:00,3.58,0 days 03:35:00,3.5833333333333335,0.0033333333333334103
SJ211,Spicejet,MAA,BOM,2026-04-18 16:22:41.703,2026-04-18 18:34:41.703,02:12:00,2.2,0 days 02:12:00,2.2,0.0
6F055,Indigo,DEL,CCU,2026-04-18 16:21:41.701,2026-04-18 18:49:41.701,02:28:00,2.47,0 days 02:28:00,2.466666666666667,-0.0033333333333334103
AI253,Air India,BLR,BOM,2026-04-18 16:13:41.704,2026-04-18 19:51:41.704,03:38:00,3.63,0 days 03:38:00,3.6333333333333333,0.0033333333333334103
UK060,Vistara,BLR,CCU,2026-04-18 16:09:41.701,2026-04-18 19:42:41.701,03:33:00,3.55,0 days 03:33:00,3.55,0.0
6F257,Unknown,MAA,CCU,2026-04-18 16:04:41.704,2026-04-18 19:55:41.704,03:51:00,3.85,0 days 03:51:00,3.85,0.0
SJ135,Spicejet,MAA,CCU,2026-04-18 16:03:41.702,2026-04-18 19:48:41.702,03:45:00,3.75,0 days 03:45:00,3.75,0.0
AI247,Air India,BOM,CCU,2026-04-18 15:58:41.704,2026-04-18 19:02:41.704,03:04:00,3.07,0 days 03:04:00,3.066666666666667,-0.0033333333333329662
UK127,Vistara,BOM,HYD,2026-04-18 15:56:41.702,2026-04-18 20:00:41.702,04:04:00,4.07,0 days 04:04:00,4.066666666666666,-0.0033333333333338544
AI109,Air India,BLR,BOM,2026-04-18 15:53:41.702,2026-04-18 20:14:41.702,04:21:00,4.35,0 days 04:21:00,4.35,0.0
AI057,Air India,BOM,CCU,2026-04-18 15:53:41.701,2026-04-18 19:22:41.701,03:29:00,3.48,0 days 03:29:00,3.4833333333333334,0.0033333333333334103
6F103,Indigo,CCU,MAA,2026-04-18 15:37:41.702,2026-04-18 18:32:41.702,02:55:00,2.92,0 days 02:55:00,2.9166666666666665,-0.0033333333333334103
SJ144,Spicejet,BLR,BOM,2026-04-18 15:35:41.702,2026-04-18 19:12:41.702,03:37:00,3.62,0 days 03:37:00,3.6166666666666667,-0.0033333333333334103
6F076,Indigo,CCU,HYD,2026-04-18 15:35:41.702,2026-04-18 16:20:41.702,00:45:00,0.75,0 days 00:45:00,0.75,0.0
6F240,Indigo,DEL,HYD,2026-04-18 15:31:41.704,2026-04-18 19:56:41.704,04:25:00,4.42,0 days 04:25:00,4.416666666666667,-0.0033333333333329662
UK057,Vistara,CCU,DEL,2026-04-18 15:25:41.701,2026-04-18 20:04:41.701,04:39:00,4.65,0 days 04:39:00,4.65,0.0
AI201,Air India,BLR,CCU,2026-04-18 15:19:41.703,2026-04-18 16:40:41.703,01:21:00,1.35,0 days 01:21:00,1.35,0.0
SJ242,Spicejet,BLR,HYD,2026-04-18 14:55:41.704,2026-04-18 17:42:41.704,02:47:00,2.78,0 days 02:47:00,2.783333333333333,0.0033333333333334103
6F037,Indigo,BOM,MAA,2026-04-18 14:51:41.701,2026-04-18 17:23:41.701,02:32:00,2.53,0 days 02:32:00,2.533333333333333,0.0033333333333334103
SJ132,Spicejet,MAA,DEL,2026-04-18 14:44:41.702,2026-04-18 15:36:41.702,00:52:00,0.87,0 days 00:52:00,0.8666666666666667,-0.0033333333333332993
AI055,Air India,CCU,BOM,2026-04-18 14:39:41.701,2026-04-18 16:18:41.701,01:39:00,1.65,0 days 01:39:00,1.65,0.0
6F252,Unknown,MAA,BLR,2026-04-18 14:25:41.701,2026-04-18 18:52:41.701,04:27:00,4.45,0 days 04:27:00,4.45,0.0
AI183,Air India,DEL,CCU,2026-04-18 14:24:41.703,2026-04-18 16:06:41.703,01:42:00,1.7,0 days 01:42:00,1.7,0.0
SJ125,Spicejet,DEL,BLR,2026-04-18 14:21:41.702,2026-04-18 16:55:41.702,02:34:00,2.57,0 days 02:34:00,2.566666666666667,-0.0033333333333329662
SJ087,Spicejet,BOM,DEL,2026-04-18 14:20:41.702,2026-04-18 19:09:41.702,04:49:00,4.82,0 days 04:49:00,4.816666666666666,-0.0033333333333338544
UK182,Vistara,HYD,CCU,2026-04-18 14:19:41.703,2026-04-18 18:25:41.703,04:06:00,4.1,0 days 04:06:00,4.1,0.0
AI016,Air India,BOM,CCU,2026-04-18 14:15:41.701,2026-04-18 18:38:41.701,04:23:00,4.38,0 days 04:23:00,4.383333333333334,0.0033333333333338544
6F107,Indigo,CCU,BLR,2026-04-18 14:14:41.702,2026-04-18 17:14:42.000,03:00:00.298000,3.0,0 days 03:00:00.298000,3.000082777777778,8.277777777809803e-05
AI026,Air India,DEL,BOM,2026-04-18 14:14:41.701,2026-04-18 15:13:41.701,00:59:00,0.98,0 days 00:59:00,0.9833333333333333,0.0033333333333332993
AI177,Air India,CCU,HYD,2026-04-18 14:11:41.703,2026-04-18 16:26:41.703,02:15:00,2.25,0 days 02:15:00,2.25,0.0
AI041,Air India,BOM,BLR,2026-04-18 14:08:41.701,2026-04-18 15:59:41.701,01:51:00,1.85,0 days 01:51:00,1.85,0.0
6F264,UNKNOWN,DEL,HYD,2026-04-18 14:03:41.701,2026-04-18 18:23:41.701,04:20:00,4.33,0 days 04:20:00,4.333333333333333,0.0033333333333329662
6F222,Indigo,HYD,MAA,2026-04-18 14:01:41.704,2026-04-18 16:11:41.704,02:10:00,2.17,0 days 02:10:00,2.1666666666666665,-0.0033333333333334103
AI004,Air India,HYD,MAA,2026-04-18 13:58:41.701,2026-04-18 18:12:41.701,04:14:00,4.23,0 days 04:14:00,4.233333333333333,0.0033333333333329662
SJ126,Spicejet,DEL,BLR,2026-04-18 13:47:41.702,2026-04-18 16:31:41.702,02:44:00,2.73,0 days 02:44:00,2.7333333333333334,0.0033333333333334103
SJ220,Spicejet,BOM,CCU,2026-04-18 13:45:41.703,2026-04-18 15:21:41.703,01:36:00,1.6,0 days 01:36:00,1.6,0.0
AI204,Air India,CCU,MAA,2026-04-18 13:40:41.703,2026-04-18 18:38:41.703,04:58:00,4.97,0 days 04:58:00,4.966666666666667,-0.0033333333333329662
UK098,Vistara,CCU,DEL,2026-04-18 13:38:41.702,2026-04-18 17:54:41.702,04:16:00,4.27,0 days 04:16:00,4.266666666666667,-0.0033333333333329662
AI090,Air India,MAA,CCU,2026-04-18 13:37:41.702,2026-04-18 16:11:41.702,02:34:00,2.57,0 days 02:34:00,2.566666666666667,-0.0033333333333329662
AI092,Air India,CCU,BOM,2026-04-18 13:36:41.702,2026-04-18 16:20:41.702,02:44:00,2.73,0 days 02:44:00,2.7333333333333334,0.0033333333333334103
AI049,Air India,CCU,MAA,2026-04-18 13:35:41.701,2026-04-18 15:48:41.701,02:13:00,2.22,0 days 02:13:00,2.216666666666667,-0.0033333333333334103
UK117,Vistara,BLR,BOM,2026-04-18 13:17:41.702,2026-04-18 16:54:41.702,03:37:00,3.62,0 days 03:37:00,3.6166666666666667,-0.0033333333333334103
6F227,Indigo,MAA,BOM,2026-04-18 13:16:41.704,2026-04-18 17:41:41.704,04:25:00,4.42,0 days 04:25:00,4.416666666666667,-0.0033333333333329662
AI228,Air India,BLR,BOM,2026-04-18 13:16:41.703,2026-04-18 17:44:41.703,04:28:00,4.47,0 days 04:28:00,4.466666666666667,-0.0033333333333329662
SJ164,Spicejet,CCU,MAA,2026-04-18 13:14:41.703,2026-04-18 15:14:42.000,02:00:00.297000,2.0,0 days 02:00:00.297000,2.0000825,8.249999999998536e-05
AI018,Air India,BOM,CCU,2026-04-18 13:12:41.701,2026-04-18 18:04:41.701,04:52:00,4.87,0 days 04:52:00,4.866666666666666,-0.0033333333333338544
UK192,Vistara,HYD,DEL,2026-04-18 12:54:41.703,2026-04-18 13:54:42.000,01:00:00.297000,1.0,0 days 01:00:00.297000,1.0000825,8.249999999998536e-05
SJ224,Spicejet,DEL,MAA,2026-04-18 12:41:41.703,2026-04-18 15:33:41.703,02:52:00,2.87,0 days 02:52:00,2.8666666666666667,-0.0033333333333334103
UK050,Vistara,BOM,DEL,2026-04-18 12:39:41.701,2026-04-18 13:18:41.701,00:39:00,0.65,0 days 00:39:00,0.65,0.0
SJ159,Spicejet,CCU,DEL,2026-04-18 12:22:41.703,2026-04-18 14:05:41.703,01:43:00,1.72,0 days 01:43:00,1.7166666666666666,-0.0033333333333334103
UK038,Vistara,MAA,CCU,2026-04-18 12:22:41.701,2026-04-18 15:31:41.701,03:09:00,3.15,0 days 03:09:00,3.15,0.0
6F192,Indigo,CCU,BLR,2026-04-18 12:20:41.703,2026-04-18 16:45:41.703,04:25:00,4.42,0 days 04:25:00,4.416666666666667,-0.0033333333333329662
6F173,Indigo,BOM,CCU,2026-04-18 12:19:41.703,2026-04-18 13:08:41.703,00:49:00,0.82,0 days 00:49:00,0.8166666666666667,-0.0033333333333332993
AI185,Air India,CCU,BOM,2026-04-18 12:16:41.703,2026-04-18 16:18:41.703,04:02:00,4.03,0 days 04:02:00,4.033333333333333,0.0033333333333329662
SJ152,Spicejet,BOM,DEL,2026-04-18 12:09:41.702,2026-04-18 13:50:41.702,01:41:00,1.68,0 days 01:41:00,1.6833333333333333,0.0033333333333334103
AI215,Air India,BLR,DEL,2026-04-18 12:07:41.703,2026-04-18 13:43:41.703,01:36:00,1.6,0 days 01:36:00,1.6,0.0
AI074,Air India,CCU,BOM,2026-04-18 12:03:41.702,2026-04-18 12:50:41.702,00:47:00,0.78,0 days 00:47:00,0.7833333333333333,0.0033333333333332993
6F109,Indigo,BLR,BOM,2026-04-18 12:00:41.702,2026-04-18 12:51:41.702,00:51:00,0.85,0 days 00:51:00,0.85,0.0
6F144,Indigo,HYD,BOM,2026-04-18 11:56:41.702,2026-04-18 15:11:41.702,03:15:00,3.25,0 days 03:15:00,3.25,0.0
6F210,Indigo,HYD,DEL,2026-04-18 11:51:41.703,2026-04-18 15:58:41.703,04:07:00,4.12,0 days 04:07:00,4.116666666666666,-0.0033333333333338544
SJ111,Spicejet,DEL,MAA,2026-04-18 11:47:41.702,2026-04-18 12:59:41.702,01:12:00,1.2,0 days 01:12:00,1.2,0.0
UK092,Vistara,MAA,BLR,2026-04-18 11:42:41.702,2026-04-18 13:17:41.702,01:35:00,1.58,0 days 01:35:00,1.5833333333333333,0.0033333333333331883
UK009,Vistara,BOM,DEL,2026-04-18 11:34:41.701,2026-04-18 13:41:41.701,02:07:00,2.12,0 days 02:07:00,2.1166666666666667,-0.0033333333333334103
AI170,Air India,HYD,DEL,2026-04-18 11:27:41.703,2026-04-18 15:50:41.703,04:23:00,4.38,0 days 04:23:00,4.383333333333334,0.0033333333333338544
6F154,Indigo,CCU,DEL,2026-04-18 11:26:41.703,2026-04-18 12:23:41.703,00:57:00,0.95,0 days 00:57:00,0.95,0.0
6F161,Indigo,MAA,DEL,2026-04-18 11:24:41.703,2026-04-18 12:21:41.703,00:57:00,0.95,0 days 00:57:00,0.95,0.0
UK128,Vistara,BOM,CCU,2026-04-18 11:22:41.702,2026-04-18 14:11:41.702,02:49:00,2.82,0 days 02:49:00,2.816666666666667,-0.0033333333333329662
AI186,Air India,DEL,BOM,2026-04-18 11:11:41.703,2026-04-18 13:05:41.703,01:54:00,1.9,0 days 01:54:00,1.9,0.0
AI099,Air India,BLR,BOM,2026-04-18 11:07:41.702,2026-04-18 13:29:41.702,02:22:00,2.37,0 days 02:22:00,2.3666666666666667,-0.0033333333333334103
6F203,Indigo,BLR,HYD,2026-04-18 11:05:41.703,2026-04-18 12:56:41.703,01:51:00,1.85,0 days 01:51:00,1.85,0.0
UK139,UNKNOWN,BLR,MAA,2026-04-18 10:54:41.703,2026-04-18 14:31:41.703,03:37:00,3.62,0 days 03:37:00,3.6166666666666667,-0.0033333333333334103
SJ008,Spicejet,HYD,BLR,2026-04-18 10:53:41.701,2026-04-18 15:48:41.701,04:55:00,4.92,0 days 04:55:00,4.916666666666667,-0.0033333333333329662
AI171,Air India,MAA,BLR,2026-04-18 10:51:41.703,2026-04-18 13:34:41.703,02:43:00,2.72,0 days 02:43:00,2.716666666666667,-0.0033333333333334103
6F124,Indigo,BLR,BOM,2026-04-18 10:47:41.702,2026-04-18 15:21:41.702,04:34:00,4.57,0 days 04:34:00,4.566666666666666,-0.0033333333333338544
6F137,Indigo,CCU,DEL,2026-04-18 10:45:41.702,2026-04-18 15:01:41.702,04:16:00,4.27,0 days 04:16:00,4.266666666666667,-0.0033333333333329662
AI008,Air India,BOM,CCU,2026-04-18 10:43:41.701,2026-04-18 12:43:42.000,02:00:00.299000,2.0,0 days 02:00:00.299000,2.0000830555555558,8.30555555557666e-05
SJ140,Unknown,HYD,DEL,2026-04-18 10:42:41.702,2026-04-18 14:30:41.702,03:48:00,3.8,0 days 03:48:00,3.8,0.0
UK016,Vistara,DEL,CCU,2026-04-18 10:42:41.701,2026-04-18 11:22:41.701,00:40:00,0.67,0 days 00:40:00,0.6666666666666666,-0.0033333333333334103
AI127,Air India,DEL,HYD,2026-04-18 10:37:41.702,2026-04-18 13:45:41.702,03:08:00,3.13,0 days 03:08:00,3.1333333333333333,0.0033333333333334103
SJ096,Unknown,DEL,HYD,2026-04-18 10:29:41.702,2026-04-18 13:45:41.702,03:16:00,3.27,0 days 03:16:00,3.2666666666666666,-0.0033333333333334103
6F048,Indigo,HYD,DEL,2026-04-18 10:27:41.701,2026-04-18 11:18:41.701,00:51:00,0.85,0 days 00:51:00,0.85,0.0
SJ090,Spicejet,HYD,MAA,2026-04-18 10:24:41.702,2026-04-18 13:11:41.702,02:47:00,2.78,0 days 02:47:00,2.783333333333333,0.0033333333333334103
AI014,Air India,HYD,MAA,2026-04-18 10:24:41.701,2026-04-18 13:51:41.701,03:27:00,3.45,0 days 03:27:00,3.45,0.0
6F131,Indigo,BLR,HYD,2026-04-18 10:22:41.702,2026-04-18 14:20:41.702,03:58:00,3.97,0 days 03:58:00,3.966666666666667,-0.0033333333333334103
AI130,Air India,BOM,BLR,2026-04-18 10:18:41.702,2026-04-18 12:59:41.702,02:41:00,2.68,0 days 02:41:00,2.683333333333333,0.0033333333333329662
UK151,UNKNOWN,BOM,CCU,2026-04-18 10:11:41.703,2026-04-18 13:30:41.703,03:19:00,3.32,0 days 03:19:00,3.316666666666667,-0.0033333333333329662
6F165,Indigo,BLR,BOM,2026-04-18 10:11:41.703,2026-04-18 11:09:41.703,00:58:00,0.97,0 days 00:58:00,0.9666666666666667,-0.0033333333333332993
UK161,Vistara,BLR,BOM,2026-04-18 10:05:41.703,2026-04-18 12:48:41.703,02:43:00,2.72,0 days 02:43:00,2.716666666666667,-0.0033333333333334103
AI107,Air India,HYD,CCU,2026-04-18 10:03:41.702,2026-04-18 10:49:41.702,00:46:00,0.77,0 days 00:46:00,0.7666666666666667,-0.0033333333333332993
SJ104,Spicejet,HYD,DEL,2026-04-18 10:00:41.702,2026-04-18 11:00:42.000,01:00:00.298000,1.0,0 days 01:00:00.298000,1.0000827777777777,8.277777777765394e-05
AI042,Air India,CCU,DEL,2026-04-18 09:53:41.701,2026-04-18 10:57:41.701,01:04:00,1.07,0 days 01:04:00,1.0666666666666667,-0.0033333333333334103
6F266,Unknown,CCU,MAA,2026-04-18 09:49:41.703,2026-04-18 11:17:41.703,01:28:00,1.47,0 days 01:28:00,1.4666666666666666,-0.0033333333333334103
6F138,Indigo,HYD,BLR,2026-04-18 09:49:41.702,2026-04-18 12:53:41.702,03:04:00,3.07,0 days 03:04:00,3.066666666666667,-0.0033333333333329662
SJ219,Spicejet,BOM,DEL,2026-04-18 09:32:41.703,2026-04-18 14:09:41.703,04:37:00,4.62,0 days 04:37:00,4.616666666666666,-0.0033333333333338544
UK197,Vistara,BLR,HYD,2026-04-18 09:22:41.703,2026-04-18 10:54:41.703,01:32:00,1.53,0 days 01:32:00,1.5333333333333334,0.0033333333333334103
6F119,Indigo,DEL,BOM,2026-04-18 09:19:41.702,2026-04-18 11:33:41.702,02:14:00,2.23,0 days 02:14:00,2.2333333333333334,0.0033333333333334103
SJ058,Spicejet,DEL,HYD,2026-04-18 08:58:41.701,2026-04-18 13:14:41.701,04:16:00,4.27,0 days 04:16:00,4.266666666666667,-0.0033333333333329662
AI218,Air India,BOM,CCU,2026-04-18 08:55:41.703,2026-04-18 11:55:41.703,03:00:00,3.0,0 days 03:00:00,3.0,0.0
SJ060,Spicejet,HYD,CCU,2026-04-18 08:51:41.701,2026-04-18 13:46:41.701,04:55:00,4.92,0 days 04:55:00,4.916666666666667,-0.0033333333333329662
UK121,Vistara,BLR,BOM,2026-04-18 08:36:41.702,2026-04-18 12:36:41.702,04:00:00,4.0,0 days 04:00:00,4.0,0.0
6F208,Indigo,CCU,BOM,2026-04-18 08:27:41.703,2026-04-18 11:34:41.703,03:07:00,3.12,0 days 03:07:00,3.1166666666666667,-0.0033333333333334103
6F153,Indigo,CCU,BLR,2026-04-18 08:23:41.703,2026-04-18 12:20:41.703,03:57:00,3.95,0 days 03:57:00,3.95,0.0
AI117,Air India,HYD,BLR,2026-04-18 08:18:41.702,2026-04-18 10:09:41.702,01:51:00,1.85,0 days 01:51:00,1.85,0.0
SJ113,Spicejet,BLR,BOM,2026-04-18 08:10:41.702,2026-04-18 10:10:42.000,02:00:00.298000,2.0,0 days 02:00:00.298000,2.0000827777777777,8.277777777765394e-05
AI191,Air India,BLR,MAA,2026-04-18 07:57:41.703,2026-04-18 11:58:41.703,04:01:00,4.02,0 days 04:01:00,4.016666666666667,-0.0033333333333329662
6F267,Unknown,DEL,MAA,2026-04-18 07:56:41.703,2026-04-18 11:49:41.703,03:53:00,3.88,0 days 03:53:00,3.8833333333333333,0.0033333333333334103
6F185,Indigo,CCU,DEL,2026-04-18 07:49:41.703,2026-04-18 10:08:41.703,02:19:00,2.32,0 days 02:19:00,2.316666666666667,-0.0033333333333329662
AI114,Air India,CCU,DEL,2026-04-18 07:48:41.702,2026-04-18 09:03:41.702,01:15:00,1.25,0 days 01:15:00,1.25,0.0
6F155,Indigo,DEL,BLR,2026-04-18 07:47:41.703,2026-04-18 08:20:41.703,00:33:00,0.55,0 days 00:33:00,0.55,0.0
UK045,Vistara,MAA,HYD,2026-04-18 07:43:41.701,2026-04-18 09:28:41.701,01:45:00,1.75,0 days 01:45:00,1.75,0.0
AI111,Air India,MAA,CCU,2026-04-18 07:40:41.702,2026-04-18 10:39:41.702,02:59:00,2.98,0 days 02:59:00,2.9833333333333334,0.0033333333333334103
AI156,Air India,CCU,BOM,2026-04-18 07:39:41.703,2026-04-18 09:22:41.703,01:43:00,1.72,0 days 01:43:00,1.7166666666666666,-0.0033333333333334103
SJ128,Spicejet,CCU,BLR,2026-04-18 07:39:41.702,2026-04-18 10:42:41.702,03:03:00,3.05,0 days 03:03:00,3.05,0.0
AI104,Air India,MAA,HYD,2026-04-18 07:35:41.702,2026-04-18 09:20:41.702,01:45:00,1.75,0 days 01:45:00,1.75,0.0
6F225,Indigo,HYD,CCU,2026-04-18 07:33:41.704,2026-04-18 12:12:41.704,04:39:00,4.65,0 days 04:39:00,4.65,0.0
6F033,Indigo,DEL,HYD,2026-04-18 07:08:41.701,2026-04-18 09:08:41.701,02:00:00,2.0,0 days 02:00:00,2.0,0.0
6F244,Indigo,MAA,CCU,2026-04-18 07:07:41.704,2026-04-18 08:31:41.704,01:24:00,1.4,0 days 01:24:00,1.4,0.0
UK137,Vistara,BOM,MAA,2026-04-18 07:04:41.703,2026-04-18 09:14:41.703,02:10:00,2.17,0 days 02:10:00,2.1666666666666665,-0.0033333333333334103
AI063,Air India,HYD,BLR,2026-04-18 07:03:41.701,2026-04-18 11:26:41.701,04:23:00,4.38,0 days 04:23:00,4.383333333333334,0.0033333333333338544
SJ156,Spicejet,BOM,DEL,2026-04-18 06:59:41.703,2026-04-18 07:34:41.703,00:35:00,0.58,0 days 00:35:00,0.5833333333333334,0.0033333333333334103
UK125,Vistara,HYD,BOM,2026-04-18 06:58:41.702,2026-04-18 11:44:41.702,04:46:00,4.77,0 days 04:46:00,4.766666666666667,-0.0033333333333329662
AI232,Air India,DEL,BLR,2026-04-18 06:43:41.704,2026-04-18 10:13:41.704,03:30:00,3.5,0 days 03:30:00,3.5,0.0
AI167,Air India,BLR,DEL,2026-04-18 06:43:41.703,2026-04-18 11:10:41.703,04:27:00,4.45,0 days 04:27:00,4.45,0.0
UK160,Vistara,BLR,BOM,2026-04-18 06:42:41.703,2026-04-18 10:58:41.703,04:16:00,4.27,0 days 04:16:00,4.266666666666667,-0.0033333333333329662
UK129,Vistara,HYD,MAA,2026-04-18 06:29:41.702,2026-04-18 07:29:42.000,01:00:00.298000,1.0,0 days 01:00:00.298000,1.0000827777777777,8.277777777765394e-05
SJ230,Spicejet,BOM,CCU,2026-04-18 06:22:41.704,2026-04-18 10:57:41.704,04:35:00,4.58,0 days 04:35:00,4.583333333333333,0.0033333333333329662
SJ056,Spicejet,HYD,DEL,2026-04-18 06:11:41.701,2026-04-18 07:10:41.701,00:59:00,0.98,0 days 00:59:00,0.9833333333333333,0.0033333333333332993
SJ137,Spicejet,CCU,DEL,2026-04-18 06:08:41.702,2026-04-18 10:14:41.702,04:06:00,4.1,0 days 04:06:00,4.1,0.0
6F081,Indigo,MAA,BLR,2026-04-18 06:04:41.702,2026-04-18 07:43:41.702,01:39:00,1.65,0 days 01:39:00,1.65,0.0
6F088,Indigo,CCU,BLR,2026-04-18 05:51:41.702,2026-04-18 08:22:41.702,02:31:00,2.52,0 days 02:31:00,2.5166666666666666,-0.0033333333333334103
6F121,Indigo,HYD,MAA,2026-04-18 05:44:41.702,2026-04-18 10:42:41.702,04:58:00,4.97,0 days 04:58:00,4.966666666666667,-0.0033333333333329662
UK214,Vistara,HYD,DEL,2026-04-18 05:30:41.704,2026-04-18 09:10:41.704,03:40:00,3.67,0 days 03:40:00,3.6666666666666665,-0.0033333333333334103
6F060,Indigo,DEL,BLR,2026-04-18 05:29:41.701,2026-04-18 07:29:42.000,02:00:00.299000,2.0,0 days 02:00:00.299000,2.0000830555555558,8.30555555557666e-05
SJ101,Spicejet,CCU,DEL,2026-04-18 05:17:41.702,2026-04-18 06:57:41.702,01:40:00,1.67,0 days 01:40:00,1.6666666666666667,-0.0033333333333331883
AI017,Air India,CCU,BOM,2026-04-18 05:15:41.701,2026-04-18 08:48:41.701,03:33:00,3.55,0 days 03:33:00,3.55,0.0
6F120,Indigo,BLR,BOM,2026-04-18 05:14:41.702,2026-04-18 06:14:41.702,01:00:00,1.0,0 days 01:00:00,1.0,0.0
6F217,Indigo,BLR,BOM,2026-04-18 05:13:41.704,2026-04-18 08:01:41.704,02:48:00,2.8,0 days 02:48:00,2.8,0.0
AI194,Air India,MAA,BLR,2026-04-18 05:09:41.703,2026-04-18 09:38:41.703,04:29:00,4.48,0 days 04:29:00,4.483333333333333,0.0033333333333329662
AI095,Air India,DEL,MAA,2026-04-18 05:00:41.702,2026-04-18 08:18:41.702,03:18:00,3.3,0 days 03:18:00,3.3,0.0
SJ190,Spicejet,BOM,CCU,2026-04-18 04:57:41.703,2026-04-18 09:25:41.703,04:28:00,4.47,0 days 04:28:00,4.466666666666667,-0.0033333333333329662
6F139,Indigo,HYD,MAA,2026-04-18 04:55:41.702,2026-04-18 08:17:41.702,03:22:00,3.37,0 days 03:22:00,3.3666666666666667,-0.0033333333333334103
6F062,Indigo,CCU,DEL,2026-04-18 04:55:41.701,2026-04-18 06:22:41.701,01:27:00,1.45,0 days 01:27:00,1.45,0.0
UK011,Vistara,CCU,DEL,2026-04-18 04:41:41.701,2026-04-18 06:25:41.701,01:44:00,1.73,0 days 01:44:00,1.7333333333333334,0.0033333333333334103
6F100,Indigo,BOM,BLR,2026-04-18 04:40:41.702,2026-04-18 07:49:41.702,03:09:00,3.15,0 days 03:09:00,3.15,0.0
6F228,Indigo,HYD,MAA,2026-04-18 04:36:41.704,2026-04-18 09:27:41.704,04:51:00,4.85,0 days 04:51:00,4.85,0.0
UK033,Vistara,HYD,DEL,2026-04-18 04:34:41.701,2026-04-18 09:18:41.701,04:44:00,4.73,0 days 04:44:00,4.733333333333333,0.0033333333333329662
SJ231,Spicejet,DEL,BLR,2026-04-18 04:23:41.704,2026-04-18 05:48:41.704,01:25:00,1.42,0 days 01:25:00,1.4166666666666667,-0.0033333333333331883
AI166,Air India,BOM,CCU,2026-04-18 04:20:41.703,2026-04-18 07:23:41.703,03:03:00,3.05,0 days 03:03:00,3.05,0.0
SJ176,Spicejet,DEL,BOM,2026-04-18 04:15:41.703,2026-04-18 06:17:41.703,02:02:00,2.03,0 days 02:02:00,2.033333333333333,0.0033333333333334103
SJ065,Spicejet,MAA,BLR,2026-04-18 04:10:41.701,2026-04-18 06:54:41.701,02:44:00,2.73,0 days 02:44:00,2.7333333333333334,0.0033333333333334103
6F160,Indigo,MAA,BLR,2026-04-18 04:09:41.703,2026-04-18 08:26:41.703,04:17:00,4.28,0 days 04:17:00,4.283333333333333,0.0033333333333329662
AI089,Air India,CCU,BOM,2026-04-18 04:05:41.702,2026-04-18 04:47:41.702,00:42:00,0.7,0 days 00:42:00,0.7,0.0
UK226,Vistara,MAA,HYD,2026-04-18 03:58:41.704,2026-04-18 05:01:41.704,01:03:00,1.05,0 days 01:03:00,1.05,0.0
SJ123,Spicejet,BOM,CCU,2026-04-18 03:57:41.702,2026-04-18 05:25:41.702,01:28:00,1.47,0 days 01:28:00,1.4666666666666666,-0.0033333333333334103
AI054,Air India,HYD,CCU,2026-04-18 03:44:41.701,2026-04-18 08:10:41.701,04:26:00,4.43,0 days 04:26:00,4.433333333333334,0.0033333333333338544
UK019,Vistara,BOM,HYD,2026-04-18 03:41:41.701,2026-04-18 04:35:41.701,00:54:00,0.9,0 days 00:54:00,0.9,0.0
UK032,Vistara,BLR,BOM,2026-04-18 03:31:41.701,2026-04-18 07:28:41.701,03:57:00,3.95,0 days 03:57:00,3.95,0.0
SJ100,Spicejet,MAA,BLR,2026-04-18 03:28:41.702,2026-04-18 06:50:41.702,03:22:00,3.37,0 days 03:22:00,3.3666666666666667,-0.0033333333333334103
SJ094,Spicejet,MAA,HYD,2026-04-18 03:23:41.702,2026-04-18 08:07:41.702,04:44:00,4.73,0 days 04:44:00,4.733333333333333,0.0033333333333329662
6F101,Indigo,BOM,MAA,2026-04-18 03:18:41.702,2026-04-18 08:15:41.702,04:57:00,4.95,0 days 04:57:00,4.95,0.0
6F006,Indigo,BOM,BLR,2026-04-18 03:06:41.701,2026-04-18 05:06:42.000,02:00:00.299000,2.0,0 days 02:00:00.299000,2.0000830555555558,8.30555555557666e-05
AI006,Air India,BOM,BLR,2026-04-18 03:04:41.701,2026-04-18 05:54:41.701,02:50:00,2.83,0 days 02:50:00,2.8333333333333335,0.0033333333333334103
AI195,Air India,CCU,MAA,2026-04-18 02:58:41.703,2026-04-18 04:57:41.703,01:59:00,1.98,0 days 01:59:00,1.9833333333333334,0.0033333333333334103
UK072,Vistara,BOM,BLR,2026-04-18 02:55:41.702,2026-04-18 05:55:42.000,03:00:00.298000,3.0,0 days 03:00:00.298000,3.000082777777778,8.277777777809803e-05
AI244,Air India,BLR,BOM,2026-04-18 02:50:41.704,2026-04-18 03:25:41.704,00:35:00,0.58,0 days 00:35:00,0.5833333333333334,0.0033333333333334103
SJ059,Spicejet,CCU,DEL,2026-04-18 02:50:41.701,2026-04-18 04:06:41.701,01:16:00,1.27,0 days 01:16:00,1.2666666666666666,-0.0033333333333334103
SJ009,Spicejet,CCU,BLR,2026-04-18 02:48:41.701,2026-04-18 04:23:41.701,01:35:00,1.58,0 days 01:35:00,1.5833333333333333,0.0033333333333331883
AI121,Air India,HYD,MAA,2026-04-18 02:42:41.702,2026-04-18 06:11:41.702,03:29:00,3.48,0 days 03:29:00,3.4833333333333334,0.0033333333333334103
6F265,UNKNOWN,DEL,HYD,2026-04-18 02:27:41.703,2026-04-18 03:24:41.703,00:57:00,0.95,0 days 00:57:00,0.95,0.0
6F110,Indigo,HYD,DEL,2026-04-18 02:27:41.702,2026-04-18 05:48:41.702,03:21:00,3.35,0 days 03:21:00,3.35,0.0
UK018,Vistara,BOM,CCU,2026-04-18 02:15:41.701,2026-04-18 04:08:41.701,01:53:00,1.88,0 days 01:53:00,1.8833333333333333,0.0033333333333334103
6F072,Indigo,BLR,CCU,2026-04-18 02:14:41.702,2026-04-18 03:11:41.702,00:57:00,0.95,0 days 00:57:00,0.95,0.0
6F159,Indigo,CCU,BOM,2026-04-18 02:08:41.703,2026-04-18 02:43:41.703,00:35:00,0.58,0 days 00:35:00,0.5833333333333334,0.0033333333333334103
6F095,Indigo,BLR,MAA,2026-04-18 01:53:41.702,2026-04-18 05:34:41.702,03:41:00,3.68,0 days 03:41:00,3.683333333333333,0.0033333333333329662
SJ129,Spicejet,CCU,BOM,2026-04-18 01:48:41.702,2026-04-18 05:48:41.702,04:00:00,4.0,0 days 04:00:00,4.0,0.0
UK039,Vistara,HYD,BOM,2026-04-18 01:40:41.701,2026-04-18 02:53:41.701,01:13:00,1.22,0 days 01:13:00,1.2166666666666666,-0.0033333333333334103
6F130,Indigo,DEL,HYD,2026-04-18 01:27:41.702,2026-04-18 02:45:41.702,01:18:00,1.3,0 days 01:18:00,1.3,0.0
6F247,Indigo,DEL,HYD,2026-04-18 01:27:41.702,2026-04-18 02:45:41.702,01:18:00,1.3,0 days 01:18:00,1.3,0.0
SJ233,Spicejet,DEL,HYD,2026-04-18 01:18:41.704,2026-04-18 02:56:41.704,01:38:00,1.63,0 days 01:38:00,1.6333333333333333,0.0033333333333334103
6F231,Indigo,HYD,MAA,2026-04-18 01:16:41.704,2026-04-18 05:43:41.704,04:27:00,4.45,0 days 04:27:00,4.45,0.0
AI125,UNKNOWN,CCU,DEL,2026-04-18 01:12:41.702,2026-04-18 04:51:41.702,03:39:00,3.65,0 days 03:39:00,3.65,0.0
6F102,Indigo,HYD,MAA,2026-04-18 01:10:41.702,2026-04-18 02:24:41.702,01:14:00,1.23,0 days 01:14:00,1.2333333333333334,0.0033333333333334103
UK078,Vistara,BOM,HYD,2026-04-18 01:03:41.702,2026-04-18 04:32:41.702,03:29:00,3.48,0 days 03:29:00,3.4833333333333334,0.0033333333333334103
UK043,UNKNOWN,DEL,HYD,2026-04-18 00:48:41.701,2026-04-18 04:52:41.701,04:04:00,4.07,0 days 04:04:00,4.066666666666666,-0.0033333333333338544
AI144,Air India,MAA,BOM,2026-04-18 00:43:41.702,2026-04-18 03:36:41.702,02:53:00,2.88,0 days 02:53:00,2.8833333333333333,0.0033333333333334103
UK054,Vistara,BLR,BOM,2026-04-18 00:37:41.701,2026-04-18 05:30:41.701,04:53:00,4.88,0 days 04:53:00,4.883333333333334,0.0033333333333338544
UK108,Vistara,DEL,BLR,2026-04-18 00:28:41.702,2026-04-18 03:46:41.702,03:18:00,3.3,0 days 03:18:00,3.3,0.0
6F008,Indigo,DEL,BOM,2026-04-18 00:14:41.701,2026-04-18 04:59:41.701,04:45:00,4.75,0 days 04:45:00,4.75,0.0
6F106,Indigo,BOM,CCU,2026-04-18 00:10:41.702,2026-04-18 01:52:41.702,01:42:00,1.7,0 days 01:42:00,1.7,0.0
AI203,Air India,BOM,CCU,2026-04-18 00:09:41.703,2026-04-18 02:56:41.703,02:47:00,2.78,0 days 02:47:00,2.783333333333333,0.0033333333333334103
AI065,UNKNOWN,MAA,BLR,2026-04-18 00:09:41.701,2026-04-18 05:00:41.701,04:51:00,4.85,0 days 04:51:00,4.85,0.0
UK053,Vistara,BLR,BOM,2026-04-17 23:56:41.701,2026-04-18 02:46:41.701,02:50:00,2.83,0 days 02:50:00,2.8333333333333335,0.0033333333333334103
UK086,Vistara,CCU,BLR,2026-04-17 23:55:41.702,2026-04-18 02:27:41.702,02:32:00,2.53,0 days 02:32:00,2.533333333333333,0.0033333333333334103
SJ223,Spicejet,HYD,MAA,2026-04-17 23:54:41.703,2026-04-18 01:08:41.703,01:14:00,1.23,0 days 01:14:00,1.2333333333333334,0.0033333333333334103
6F069,Indigo,MAA,BLR,2026-04-17 23:44:41.701,2026-04-18 03:17:41.701,03:33:00,3.55,0 days 03:33:00,3.55,0.0
6F032,Indigo,DEL,BOM,2026-04-17 23:43:41.701,2026-04-18 02:22:41.701,02:39:00,2.65,0 days 02:39:00,2.65,0.0
UK178,Vistara,DEL,BLR,2026-04-17 23:41:41.703,2026-04-18 04:09:41.703,04:28:00,4.47,0 days 04:28:00,4.466666666666667,-0.0033333333333329662
6F108,Indigo,DEL,HYD,2026-04-17 23:41:41.702,2026-04-18 03:23:41.702,03:42:00,3.7,0 days 03:42:00,3.7,0.0
UK147,Vistara,CCU,DEL,2026-04-17 23:35:41.703,2026-04-18 02:55:41.703,03:20:00,3.33,0 days 03:20:00,3.3333333333333335,0.0033333333333334103
AI187,Air India,BLR,HYD,2026-04-17 23:32:41.703,2026-04-18 01:16:41.703,01:44:00,1.73,0 days 01:44:00,1.7333333333333334,0.0033333333333334103
UK213,Vistara,BOM,CCU,2026-04-17 23:21:41.704,2026-04-18 01:01:41.704,01:40:00,1.67,0 days 01:40:00,1.6666666666666667,-0.0033333333333331883
AI035,Air India,DEL,MAA,2026-04-17 23:17:41.701,2026-04-18 00:48:41.701,01:31:00,1.52,0 days 01:31:00,1.5166666666666666,-0.0033333333333334103
UK186,Vistara,BOM,BLR,2026-04-17 23:05:41.703,2026-04-18 02:22:41.703,03:17:00,3.28,0 days 03:17:00,3.283333333333333,0.0033333333333334103
6F045,Indigo,BOM,HYD,2026-04-17 23:04:41.701,2026-04-18 03:38:41.701,04:34:00,4.57,0 days 04:34:00,4.566666666666666,-0.0033333333333338544
UK025,Vistara,DEL,BOM,2026-04-17 22:55:41.701,2026-04-18 02:47:41.701,03:52:00,3.87,0 days 03:52:00,3.8666666666666667,-0.0033333333333334103
UK162,Vistara,BOM,CCU,2026-04-17 22:47:41.703,2026-04-18 00:21:41.703,01:34:00,1.57,0 days 01:34:00,1.5666666666666667,-0.0033333333333334103
AI157,Air India,BLR,CCU,2026-04-17 22:45:41.703,2026-04-18 01:33:41.703,02:48:00,2.8,0 days 02:48:00,2.8,0.0
6F096,Indigo,MAA,BLR,2026-04-17 22:45:41.702,2026-04-18 02:58:41.702,04:13:00,4.22,0 days 04:13:00,4.216666666666667,-0.0033333333333329662
SJ229,Spicejet,CCU,DEL,2026-04-17 22:25:41.704,2026-04-18 00:27:41.704,02:02:00,2.03,0 days 02:02:00,2.033333333333333,0.0033333333333334103
AI214,Air India,CCU,DEL,2026-04-17 22:23:41.703,2026-04-18 02:49:41.703,04:26:00,4.43,0 days 04:26:00,4.433333333333334,0.0033333333333338544
6F205,Indigo,HYD,BOM,2026-04-17 22:16:41.703,2026-04-18 00:02:41.703,01:46:00,1.77,0 days 01:46:00,1.7666666666666666,-0.0033333333333334103
SJ157,Spicejet,DEL,HYD,2026-04-17 22:11:41.703,2026-04-18 01:05:41.703,02:54:00,2.9,0 days 02:54:00,2.9,0.0
UK114,Vistara,HYD,CCU,2026-04-17 22:10:41.702,2026-04-17 23:58:41.702,01:48:00,1.8,0 days 01:48:00,1.8,0.0
6F054,Indigo,HYD,BLR,2026-04-17 22:00:41.701,2026-04-18 01:25:41.701,03:25:00,3.42,0 days 03:25:00,3.4166666666666665,-0.0033333333333334103
6F216,Indigo,BLR,DEL,2026-04-17 21:58:41.704,2026-04-18 02:51:41.704,04:53:00,4.88,0 days 04:53:00,4.883333333333334,0.0033333333333338544
AI231,Air India,DEL,HYD,2026-04-17 21:52:41.704,2026-04-17 23:51:41.704,01:59:00,1.98,0 days 01:59:00,1.9833333333333334,0.0033333333333334103
UK103,Vistara,MAA,DEL,2026-04-17 21:52:41.702,2026-04-18 01:06:41.702,03:14:00,3.23,0 days 03:14:00,3.2333333333333334,0.0033333333333334103
AI066,Air India,HYD,MAA,2026-04-17 21:51:41.701,2026-04-18 00:11:41.701,02:20:00,2.33,0 days 02:20:00,2.3333333333333335,0.0033333333333334103
6F186,Indigo,HYD,BOM,2026-04-17 21:48:41.703,2026-04-18 02:02:41.703,04:14:00,4.23,0 days 04:14:00,4.233333333333333,0.0033333333333329662
AI021,Air India,DEL,HYD,2026-04-17 21:39:41.701,2026-04-18 01:38:41.701,03:59:00,3.98,0 days 03:59:00,3.9833333333333334,0.0033333333333334103
AI113,Air India,CCU,HYD,2026-04-17 21:21:41.702,2026-04-17 23:51:41.702,02:30:00,2.5,0 days 02:30:00,2.5,0.0
SJ031,Spicejet,DEL,BOM,2026-04-17 21:20:41.701,2026-04-17 22:29:41.701,01:09:00,1.15,0 days 01:09:00,1.15,0.0
UK217,Vistara,MAA,CCU,2026-04-17 21:19:41.704,2026-04-17 22:14:41.704,00:55:00,0.92,0 days 00:55:00,0.9166666666666666,-0.0033333333333334103
SJ120,Spicejet,MAA,BLR,2026-04-17 21:19:41.702,2026-04-18 00:56:41.702,03:37:00,3.62,0 days 03:37:00,3.6166666666666667,-0.0033333333333334103
UK180,Vistara,CCU,MAA,2026-04-17 21:18:41.703,2026-04-17 23:29:41.703,02:11:00,2.18,0 days 02:11:00,2.183333333333333,0.0033333333333329662
6F242,Indigo,BLR,MAA,2026-04-17 21:10:41.704,2026-04-18 01:04:41.704,03:54:00,3.9,0 days 03:54:00,3.9,0.0
UK080,Vistara,BLR,MAA,2026-04-17 21:09:41.702,2026-04-17 22:29:41.702,01:20:00,1.33,0 days 01:20:00,1.3333333333333333,0.0033333333333331883
SJ124,Spicejet,HYD,DEL,2026-04-17 21:05:41.702,2026-04-18 01:12:41.702,04:07:00,4.12,0 days 04:07:00,4.116666666666666,-0.0033333333333338544
SJ115,Spicejet,BOM,HYD,2026-04-17 21:05:41.702,2026-04-17 23:10:41.702,02:05:00,2.08,0 days 02:05:00,2.0833333333333335,0.0033333333333334103
AI081,Air India,CCU,BOM,2026-04-17 21:03:41.702,2026-04-17 22:51:41.702,01:48:00,1.8,0 days 01:48:00,1.8,0.0
AI142,Air India,BOM,DEL,2026-04-17 20:49:41.702,2026-04-17 23:03:41.702,02:14:00,2.23,0 days 02:14:00,2.2333333333333334,0.0033333333333334103
UK052,Vistara,BLR,CCU,2026-04-17 20:48:41.701,2026-04-17 21:40:41.701,00:52:00,0.87,0 days 00:52:00,0.8666666666666667,-0.0033333333333332993
UK014,Vistara,HYD,MAA,2026-04-17 20:41:41.701,2026-04-17 22:06:41.701,01:25:00,1.42,0 days 01:25:00,1.4166666666666667,-0.0033333333333331883
AI230,UNKNOWN,CCU,BLR,2026-04-17 20:37:41.704,2026-04-18 00:22:41.704,03:45:00,3.75,0 days 03:45:00,3.75,0.0
6F268,UNKNOWN,DEL,MAA,2026-04-17 20:29:41.701,2026-04-17 21:58:41.701,01:29:00,1.48,0 days 01:29:00,1.4833333333333334,0.0033333333333334103
AI124,Air India,CCU,HYD,2026-04-17 20:28:41.702,2026-04-18 00:00:41.702,03:32:00,3.53,0 days 03:32:00,3.533333333333333,0.0033333333333334103
6F082,Indigo,BOM,BLR,2026-04-17 20:26:41.702,2026-04-17 22:26:41.702,02:00:00,2.0,0 days 02:00:00,2.0,0.0
SJ035,Spicejet,CCU,DEL,2026-04-17 20:15:41.701,2026-04-17 21:15:42.000,01:00:00.299000,1.0,0 days 01:00:00.299000,1.0000830555555555,8.305555555554456e-05
SJ095,Spicejet,DEL,MAA,2026-04-17 20:09:41.702,2026-04-17 23:13:41.702,03:04:00,3.07,0 days 03:04:00,3.066666666666667,-0.0033333333333329662
UK230,Vistara,BLR,BOM,2026-04-17 20:02:41.704,2026-04-17 21:35:41.704,01:33:00,1.55,0 days 01:33:00,1.55,0.0
UK171,Vistara,HYD,CCU,2026-04-17 19:59:41.703,2026-04-17 22:53:41.703,02:54:00,2.9,0 days 02:54:00,2.9,0.0
6F147,Indigo,HYD,MAA,2026-04-17 19:57:41.703,2026-04-18 00:31:41.703,04:34:00,4.57,0 days 04:34:00,4.566666666666666,-0.0033333333333338544
SJ212,Unknown,MAA,BLR,2026-04-17 19:49:41.703,2026-04-17 21:44:41.703,01:55:00,1.92,0 days 01:55:00,1.9166666666666667,-0.0033333333333331883
6F080,Indigo,HYD,MAA,2026-04-17 19:47:41.702,2026-04-17 23:13:41.702,03:26:00,3.43,0 days 03:26:00,3.433333333333333,0.0033333333333329662
UK049,Vistara,HYD,BOM,2026-04-17 19:47:41.701,2026-04-17 20:32:41.701,00:45:00,0.75,0 days 00:45:00,0.75,0.0
AI152,Air India,BLR,CCU,2026-04-17 19:21:41.703,2026-04-17 20:26:41.703,01:05:00,1.08,0 days 01:05:00,1.0833333333333333,0.0033333333333331883
AI162,Air India,MAA,DEL,2026-04-17 19:20:41.703,2026-04-17 22:40:41.703,03:20:00,3.33,0 days 03:20:00,3.3333333333333335,0.0033333333333334103
SJ037,Spicejet,BLR,BOM,2026-04-17 19:14:41.701,2026-04-17 22:31:41.701,03:17:00,3.28,0 days 03:17:00,3.283333333333333,0.0033333333333334103
AI172,Air India,BOM,CCU,2026-04-17 19:08:41.703,2026-04-17 19:53:41.703,00:45:00,0.75,0 days 00:45:00,0.75,0.0
UK205,Vistara,HYD,MAA,2026-04-17 18:57:41.703,2026-04-17 21:46:41.703,02:49:00,2.82,0 days 02:49:00,2.816666666666667,-0.0033333333333329662
AI199,Air India,HYD,DEL,2026-04-17 18:47:41.703,2026-04-17 22:26:41.703,03:39:00,3.65,0 days 03:39:00,3.65,0.0
6F241,Indigo,DEL,HYD,2026-04-17 18:27:41.704,2026-04-17 19:02:41.704,00:35:00,0.58,0 days 00:35:00,0.5833333333333334,0.0033333333333334103
SJ041,Spicejet,CCU,HYD,2026-04-17 18:24:41.701,2026-04-17 22:59:41.701,04:35:00,4.58,0 days 04:35:00,4.583333333333333,0.0033333333333329662
AI064,Air India,BLR,MAA,2026-04-17 18:24:41.701,2026-04-17 20:07:41.701,01:43:00,1.72,0 days 01:43:00,1.7166666666666666,-0.0033333333333334103
UK169,Vistara,HYD,DEL,2026-04-17 18:12:41.703,2026-04-17 23:01:41.703,04:49:00,4.82,0 days 04:49:00,4.816666666666666,-0.0033333333333338544
UK144,Vistara,BOM,CCU,2026-04-17 18:07:41.703,2026-04-17 20:59:41.703,02:52:00,2.87,0 days 02:52:00,2.8666666666666667,-0.0033333333333334103
AI118,Air India,HYD,MAA,2026-04-17 17:50:41.702,2026-04-17 19:59:41.702,02:09:00,2.15,0 days 02:09:00,2.15,0.0
SJ145,Spicejet,BLR,HYD,2026-04-17 17:41:41.702,2026-04-17 20:38:41.702,02:57:00,2.95,0 days 02:57:00,2.95,0.0
SJ077,Spicejet,BLR,MAA,2026-04-17 17:32:41.701,2026-04-17 19:40:41.701,02:08:00,2.13,0 days 02:08:00,2.1333333333333333,0.0033333333333334103
AI126,Air India,MAA,HYD,2026-04-17 17:26:41.702,2026-04-17 20:48:41.702,03:22:00,3.37,0 days 03:22:00,3.3666666666666667,-0.0033333333333334103
SJ033,Spicejet,HYD,DEL,2026-04-17 17:26:41.701,2026-04-17 18:51:41.701,01:25:00,1.42,0 days 01:25:00,1.4166666666666667,-0.0033333333333331883
SJ180,Spicejet,HYD,CCU,2026-04-17 17:12:41.703,2026-04-17 22:00:41.703,04:48:00,4.8,0 days 04:48:00,4.8,0.0
6F183,Indigo,MAA,HYD,2026-04-17 17:08:41.703,2026-04-17 19:52:41.703,02:44:00,2.73,0 days 02:44:00,2.7333333333333334,0.0033333333333334103
AI145,UNKNOWN,DEL,BOM,2026-04-17 17:06:41.702,2026-04-17 21:31:41.702,04:25:00,4.42,0 days 04:25:00,4.416666666666667,-0.0033333333333329662
6F089,Indigo,DEL,HYD,2026-04-17 17:06:41.702,2026-04-17 19:10:41.702,02:04:00,2.07,0 days 02:04:00,2.066666666666667,-0.0033333333333329662
6F207,Indigo,BOM,HYD,2026-04-17 16:59:41.703,2026-04-17 21:00:41.703,04:01:00,4.02,0 days 04:01:00,4.016666666666667,-0.0033333333333329662
AI229,Air India,HYD,MAA,2026-04-17 16:48:41.703,2026-04-17 18:40:41.703,01:52:00,1.87,0 days 01:52:00,1.8666666666666667,-0.0033333333333334103
6F223,Indigo,MAA,BLR,2026-04-17 16:47:41.704,2026-04-17 17:21:41.704,00:34:00,0.57,0 days 00:34:00,0.5666666666666667,-0.0033333333333332993
6F116,Indigo,MAA,CCU,2026-04-17 16:43:41.702,2026-04-17 19:02:41.702,02:19:00,2.32,0 days 02:19:00,2.316666666666667,-0.0033333333333329662
SJ240,Spicejet,BOM,HYD,2026-04-17 16:42:41.704,2026-04-17 20:21:41.704,03:39:00,3.65,0 days 03:39:00,3.65,0.0
SJ184,Spicejet,CCU,DEL,2026-04-17 16:32:41.703,2026-04-17 21:00:41.703,04:28:00,4.47,0 days 04:28:00,4.466666666666667,-0.0033333333333329662
AI087,Air India,MAA,DEL,2026-04-17 16:32:41.702,2026-04-17 20:30:41.702,03:58:00,3.97,0 days 03:58:00,3.966666666666667,-0.0033333333333334103
UK148,Vistara,HYD,BOM,2026-04-17 16:31:41.703,2026-04-17 18:43:41.703,02:12:00,2.2,0 days 02:12:00,2.2,0.0
AI210,Air India,BLR,BOM,2026-04-17 16:13:41.703,2026-04-17 18:50:41.703,02:37:00,2.62,0 days 02:37:00,2.6166666666666667,-0.0033333333333334103
6F093,Indigo,CCU,DEL,2026-04-17 16:09:41.702,2026-04-17 20:00:41.702,03:51:00,3.85,0 days 03:51:00,3.85,0.0
SJ080,Spicejet,CCU,MAA,2026-04-17 16:04:41.702,2026-04-17 17:59:41.702,01:55:00,1.92,0 days 01:55:00,1.9166666666666667,-0.0033333333333331883
SJ005,Spicejet,DEL,MAA,2026-04-17 16:03:41.701,2026-04-17 17:24:41.701,01:21:00,1.35,0 days 01:21:00,1.35,0.0
6F040,Indigo,HYD,CCU,2026-04-17 15:52:41.701,2026-04-17 20:33:41.701,04:41:00,4.68,0 days 04:41:00,4.683333333333334,0.0033333333333338544
AI212,Air India,DEL,CCU,2026-04-17 15:31:41.703,2026-04-17 20:13:41.703,04:42:00,4.7,0 days 04:42:00,4.7,0.0
AI154,Air India,HYD,MAA,2026-04-17 15:25:41.703,2026-04-17 19:16:41.703,03:51:00,3.85,0 days 03:51:00,3.85,0.0
6F239,Indigo,CCU,BOM,2026-04-17 15:24:41.704,2026-04-17 17:37:41.704,02:13:00,2.22,0 days 02:13:00,2.216666666666667,-0.0033333333333334103
UK199,Vistara,BOM,CCU,2026-04-17 15:24:41.703,2026-04-17 18:55:41.703,03:31:00,3.52,0 days 03:31:00,3.5166666666666666,-0.0033333333333334103
6F218,Indigo,BLR,BOM,2026-04-17 15:16:41.704,2026-04-17 19:03:41.704,03:47:00,3.78,0 days 03:47:00,3.783333333333333,0.0033333333333334103
6F011,Indigo,MAA,BLR,2026-04-17 15:16:41.701,2026-04-17 17:16:42.000,02:00:00.299000,2.0,0 days 02:00:00.299000,2.0000830555555558,8.30555555557666e-05
UK106,Vistara,BOM,CCU,2026-04-17 15:12:41.702,2026-04-17 17:23:41.702,02:11:00,2.18,0 days 02:11:00,2.183333333333333,0.0033333333333329662
UK030,Vistara,CCU,DEL,2026-04-17 15:11:41.701,2026-04-17 19:38:41.701,04:27:00,4.45,0 days 04:27:00,4.45,0.0
6F090,Indigo,HYD,BLR,2026-04-17 15:10:41.702,2026-04-17 19:22:41.702,04:12:00,4.2,0 days 04:12:00,4.2,0.0
AI184,Air India,BOM,CCU,2026-04-17 15:03:41.703,2026-04-17 17:03:42.000,02:00:00.297000,2.0,0 days 02:00:00.297000,2.0000825,8.249999999998536e-05
SJ232,Spicejet,MAA,BLR,2026-04-17 15:02:41.704,2026-04-17 19:22:41.704,04:20:00,4.33,0 days 04:20:00,4.333333333333333,0.0033333333333329662
AI153,Air India,BOM,CCU,2026-04-17 15:02:41.703,2026-04-17 16:30:41.703,01:28:00,1.47,0 days 01:28:00,1.4666666666666666,-0.0033333333333334103
UK101,Vistara,DEL,HYD,2026-04-17 15:00:41.702,2026-04-17 17:43:41.702,02:43:00,2.72,0 days 02:43:00,2.716666666666667,-0.0033333333333334103
6F200,Indigo,HYD,DEL,2026-04-17 14:54:41.703,2026-04-17 19:41:41.703,04:47:00,4.78,0 days 04:47:00,4.783333333333333,0.0033333333333329662
6F162,Indigo,CCU,BOM,2026-04-17 14:50:41.703,2026-04-17 17:44:41.703,02:54:00,2.9,0 days 02:54:00,2.9,0.0
SJ197,Spicejet,HYD,BLR,2026-04-17 14:49:41.703,2026-04-17 17:33:41.703,02:44:00,2.73,0 days 02:44:00,2.7333333333333334,0.0033333333333334103
AI174,Air India,DEL,CCU,2026-04-17 14:45:41.703,2026-04-17 17:01:41.703,02:16:00,2.27,0 days 02:16:00,2.2666666666666666,-0.0033333333333334103
UK090,Vistara,HYD,MAA,2026-04-17 14:44:41.702,2026-04-17 17:24:41.702,02:40:00,2.67,0 days 02:40:00,2.6666666666666665,-0.0033333333333334103
UK124,Vistara,MAA,BLR,2026-04-17 14:35:41.702,2026-04-17 17:09:41.702,02:34:00,2.57,0 days 02:34:00,2.566666666666667,-0.0033333333333329662
AI239,Air India,BOM,HYD,2026-04-17 14:33:41.704,2026-04-17 17:47:41.704,03:14:00,3.23,0 days 03:14:00,3.2333333333333334,0.0033333333333334103
UK002,Vistara,CCU,MAA,2026-04-17 14:28:41.700,2026-04-17 19:20:41.700,04:52:00,4.87,0 days 04:52:00,4.866666666666666,-0.0033333333333338544
SJ055,Spicejet,HYD,MAA,2026-04-17 14:17:41.701,2026-04-17 17:56:41.701,03:39:00,3.65,0 days 03:39:00,3.65,0.0
UK132,Vistara,BOM,DEL,2026-04-17 14:12:41.702,2026-04-17 16:19:41.702,02:07:00,2.12,0 days 02:07:00,2.1166666666666667,-0.0033333333333334103
6F002,Indigo,BLR,MAA,2026-04-17 14:11:41.700,2026-04-17 17:34:41.700,03:23:00,3.38,0 days 03:23:00,3.3833333333333333,0.0033333333333334103
UK005,Vistara,BOM,MAA,2026-04-17 14:02:41.701,2026-04-17 18:14:41.701,04:12:00,4.2,0 days 04:12:00,4.2,0.0
6F258,Unknown,BOM,DEL,2026-04-17 13:54:41.703,2026-04-17 16:49:41.703,02:55:00,2.92,0 days 02:55:00,2.9166666666666665,-0.0033333333333334103
SJ244,Spicejet,BLR,DEL,2026-04-17 13:51:41.704,2026-04-17 15:39:41.704,01:48:00,1.8,0 days 01:48:00,1.8,0.0
AI075,Air India,CCU,DEL,2026-04-17 13:51:41.702,2026-04-17 16:49:41.702,02:58:00,2.97,0 days 02:58:00,2.966666666666667,-0.0033333333333334103
AI160,Air India,MAA,DEL,2026-04-17 13:41:41.703,2026-04-17 17:01:41.703,03:20:00,3.33,0 days 03:20:00,3.3333333333333335,0.0033333333333334103
UK091,Vistara,CCU,BOM,2026-04-17 13:37:41.702,2026-04-17 17:31:41.702,03:54:00,3.9,0 days 03:54:00,3.9,0.0
UK195,Vistara,HYD,BOM,2026-04-17 13:35:41.703,2026-04-17 16:35:41.703,03:00:00,3.0,0 days 03:00:00,3.0,0.0
6F044,Indigo,DEL,HYD,2026-04-17 13:25:41.701,2026-04-17 17:36:41.701,04:11:00,4.18,0 days 04:11:00,4.183333333333334,0.0033333333333338544
6F248,Indigo,DEL,HYD,2026-04-17 13:25:41.701,2026-04-17 17:36:41.701,04:11:00,4.18,0 days 04:11:00,4.183333333333334,0.0033333333333338544
6F204,Indigo,DEL,CCU,2026-04-17 13:23:41.703,2026-04-17 16:04:41.703,02:41:00,2.68,0 days 02:41:00,2.683333333333333,0.0033333333333329662
SJ092,Spicejet,BLR,MAA,2026-04-17 13:19:41.702,2026-04-17 17:56:41.702,04:37:00,4.62,0 days 04:37:00,4.616666666666666,-0.0033333333333338544
AI119,Air India,MAA,BLR,2026-04-17 13:15:41.702,2026-04-17 15:57:41.702,02:42:00,2.7,0 days 02:42:00,2.7,0.0
AI151,Air India,MAA,HYD,2026-04-17 13:14:41.703,2026-04-17 14:10:41.703,00:56:00,0.93,0 days 00:56:00,0.9333333333333333,0.0033333333333332993
UK107,Vistara,HYD,BOM,2026-04-17 13:09:41.702,2026-04-17 14:25:41.702,01:16:00,1.27,0 days 01:16:00,1.2666666666666666,-0.0033333333333334103
SJ019,Spicejet,BLR,DEL,2026-04-17 13:07:41.701,2026-04-17 15:56:41.701,02:49:00,2.82,0 days 02:49:00,2.816666666666667,-0.0033333333333329662
AI052,Air India,CCU,MAA,2026-04-17 13:06:41.701,2026-04-17 15:42:41.701,02:36:00,2.6,0 days 02:36:00,2.6,0.0
SJ177,Spicejet,BOM,CCU,2026-04-17 13:04:41.703,2026-04-17 17:37:41.703,04:33:00,4.55,0 days 04:33:00,4.55,0.0
6F215,Indigo,DEL,BLR,2026-04-17 13:00:41.703,2026-04-17 17:30:41.703,04:30:00,4.5,0 days 04:30:00,4.5,0.0
AI223,Air India,BOM,CCU,2026-04-17 12:53:41.703,2026-04-17 14:42:41.703,01:49:00,1.82,0 days 01:49:00,1.8166666666666667,-0.0033333333333334103
SJ069,Spicejet,HYD,BLR,2026-04-17 12:53:41.701,2026-04-17 14:17:41.701,01:24:00,1.4,0 days 01:24:00,1.4,0.0
6F198,Indigo,HYD,BLR,2026-04-17 12:40:41.703,2026-04-17 17:39:41.703,04:59:00,4.98,0 days 04:59:00,4.983333333333333,0.0033333333333329662
AI093,Air India,BOM,BLR,2026-04-17 12:35:41.702,2026-04-17 17:28:41.702,04:53:00,4.88,0 days 04:53:00,4.883333333333334,0.0033333333333338544
UK062,Vistara,HYD,DEL,2026-04-17 12:33:41.701,2026-04-17 15:35:41.701,03:02:00,3.03,0 days 03:02:00,3.033333333333333,0.0033333333333334103
6F057,Indigo,MAA,DEL,2026-04-17 12:32:41.701,2026-04-17 15:50:41.701,03:18:00,3.3,0 days 03:18:00,3.3,0.0
UK064,Vistara,BOM,DEL,2026-04-17 12:25:41.701,2026-04-17 14:55:41.701,02:30:00,2.5,0 days 02:30:00,2.5,0.0
